CustomerID,Name,Age,Gender,SubscriptionType,SubscriptionDate,LastLoginDate,TotalSessions,FeedbackScore,IsChurned
CUST00001,Samantha Davis,39,Male,Monthly,2024-04-02,2025-11-05,3,5,1
CUST00002,Frank Mitchell,50,Female,Monthly,2025-05-14,2025-11-08,3,3,1
CUST00003,Margaret Anderson,51,Female,Monthly,2024-02-12,2025-12-12,24,6,0
CUST00004,Rebecca Anderson,39,Male,Monthly,2023-01-14,2026-01-05,14,6,0
CUST00005,Rachel Ramirez,36,Male,Monthly,2024-11-20,2025-08-26,0,1,1
CUST00006,Richard Thompson,27,Female,Quarterly,2023-03-30,2025-12-12,9,7,0
CUST00007,Jessica Nair,24,Male,Quarterly,2025-01-10,2026-01-11,6,9,0
CUST00008,Jennifer Nelson,31,Male,Monthly,2023-06-13,2026-01-09,18,5,0
CUST00009,Timothy Moore,28,Male,Yearly,2023-11-30,2026-01-02,18,5,0
CUST00010,Christine Moore,38,Female,Quarterly,2023-05-27,2026-01-05,13,6,0
CUST00011,Jonathan Campbell,27,Male,Monthly,2024-07-06,2025-12-06,32,7,0
CUST00012,Alexander Scott,22,Male,Monthly,2023-04-25,2025-11-23,6,2,1
CUST00013,Vikram Lee,36,Male,Monthly,2024-10-06,2025-07-27,0,1,1
CUST00014,Ronald Reddy,36,Female,Monthly,2024-06-26,2025-07-11,6,4,1
CUST00015,Jonathan Taylor,32,Female,Monthly,2025-03-28,2025-10-27,3,1,1
CUST00016,Shirley Young,26,Male,Monthly,2023-08-13,2025-10-22,2,6,1
CUST00017,Rahul Baker,37,Male,Monthly,2025-02-20,2025-12-17,3,7,0
CUST00018,Angela Taylor,29,Other,Yearly,2023-01-24,2026-01-08,12,8,0
CUST00019,Debra Reddy,45,Female,Monthly,2024-11-27,2025-08-12,6,2,1
CUST00020,Christopher Robinson,30,Male,Quarterly,2024-06-23,2026-01-04,20,8,0
CUST00021,Nicholas Iyer,28,Male,Quarterly,2025-11-05,2026-01-06,16,5,0
CUST00022,Melissa Carter,20,Male,Yearly,2025-12-22,2025-12-28,24,9,0
CUST00023,Gary Johnson,33,Male,Monthly,2024-09-21,2025-10-01,7,4,1
CUST00024,Kavita Torres,26,Female,Monthly,2025-09-22,2025-12-12,20,9,0
CUST00025,Jerry Rodriguez,33,Male,Monthly,2023-12-05,2025-06-29,8,1,1
CUST00026,Jason Wilson,43,Female,Quarterly,2024-02-16,2025-12-21,18,6,0
CUST00027,Christine Adams,35,Male,Yearly,2025-07-13,2025-10-05,0,3,1
CUST00028,David Perez,37,Male,Quarterly,2024-03-27,2025-06-23,8,3,1
CUST00029,Linda Anderson,25,Male,Monthly,2024-11-07,2025-10-02,2,5,1
CUST00030,Emily Nelson,37,Female,Quarterly,2025-08-26,2025-09-02,2,5,1
CUST00031,Matthew Miller,35,Male,Monthly,2025-05-17,2025-11-18,6,2,1
CUST00032,Frank Adams,30,Other,Monthly,2025-04-04,2026-01-09,14,5,0
CUST00033,Ashley Gonzalez,37,Male,Monthly,2025-05-14,2025-08-05,4,4,1
CUST00034,Ashley Verma,31,Female,Monthly,2023-07-20,2025-07-16,0,3,1
CUST00035,Rohan Smith,30,Other,Yearly,2024-04-29,2025-12-15,11,7,0
CUST00036,Kathleen Wilson,38,Female,Yearly,2023-12-04,2025-12-22,33,7,0
CUST00037,Kimberly Nair,36,Female,Monthly,2025-05-16,2025-12-11,17,4,0
CUST00038,Gregory Rivera,33,Female,Monthly,2024-03-21,2025-12-09,18,10,0
CUST00039,Jack Wright,31,Male,Monthly,2023-04-13,2025-12-14,20,7,0
CUST00040,Suresh Kumar,21,Female,Monthly,2025-11-06,2025-11-08,7,5,1
CUST00041,Scott Jones,42,Female,Monthly,2023-09-03,2025-12-10,10,9,0
CUST00042,Ashley Nguyen,18,Female,Quarterly,2025-05-08,2025-12-10,22,10,0
CUST00043,Eric Lee,23,Female,Monthly,2024-10-05,2025-08-22,2,4,1
CUST00044,Thomas Nelson,28,Female,Monthly,2023-05-29,2025-06-25,0,4,1
CUST00045,Larry Miller,22,Male,Monthly,2024-06-27,2025-09-03,5,2,1
CUST00046,Kavita Jones,51,Female,Monthly,2023-11-20,2025-07-15,1,3,1
CUST00047,Raymond Martin,42,Female,Yearly,2025-12-19,2025-12-24,0,4,1
CUST00048,Vivek Nelson,48,Male,Yearly,2024-06-25,2025-11-04,0,4,1
CUST00049,Janet Scott,36,Male,Monthly,2024-03-07,2026-01-02,24,5,0
CUST00050,Debra Green,19,Female,Quarterly,2024-05-29,2026-01-12,22,7,0
CUST00051,Barbara Green,36,Male,Monthly,2023-01-08,2025-10-29,5,2,1
CUST00052,Samantha Taylor,36,Male,Monthly,2025-05-25,2026-01-08,20,6,0
CUST00053,Elizabeth Reddy,54,Female,Monthly,2023-03-15,2025-12-09,21,5,0
CUST00054,Stephen Martinez,41,Male,Monthly,2025-01-16,2026-01-13,10,8,0
CUST00055,Amit Thompson,46,Male,Monthly,2023-07-30,2025-07-11,1,5,1
CUST00056,Sanjay Verma,38,Male,Quarterly,2023-11-13,2025-12-31,24,10,0
CUST00057,Divya Hernandez,31,Other,Yearly,2025-04-24,2025-09-07,1,2,1
CUST00058,Priya Nair,25,Male,Quarterly,2024-05-23,2025-11-04,3,4,1
CUST00059,Timothy Verma,37,Male,Monthly,2024-02-13,2025-12-17,24,7,0
CUST00060,Brian Martin,49,Female,Yearly,2024-04-01,2025-10-13,3,9,1
CUST00061,Stephanie Perez,40,Male,Monthly,2024-07-25,2025-07-24,1,2,1
CUST00062,Stephanie Baker,39,Other,Quarterly,2023-02-26,2025-09-26,3,5,1
CUST00063,Daniel Nguyen,39,Other,Monthly,2023-08-11,2025-12-24,17,6,0
CUST00064,Carolyn Sharma,17,Male,Quarterly,2025-11-13,2025-11-17,2,5,1
CUST00065,Steven Williams,36,Female,Monthly,2024-02-08,2025-11-14,0,4,1
CUST00066,Christine Iyer,38,Male,Monthly,2023-09-13,2025-12-27,10,7,0
CUST00067,Nicholas Martin,34,Female,Monthly,2024-08-28,2026-01-03,8,7,0
CUST00068,Rebecca Nelson,40,Female,Quarterly,2023-12-23,2025-12-27,26,8,0
CUST00069,Stephanie Scott,18,Female,Monthly,2024-03-06,2025-07-06,1,5,1
CUST00070,Nicole Adams,39,Male,Monthly,2024-03-13,2026-01-05,22,10,0
CUST00071,Gregory Garcia,40,Male,Quarterly,2024-11-17,2025-10-02,7,5,1
CUST00072,Frank Martin,41,Male,Monthly,2023-02-20,2025-08-02,3,5,1
CUST00073,Brandon Kumar,25,Female,Monthly,2024-02-03,2025-12-22,16,6,0
CUST00074,Amy Sanchez,34,Male,Quarterly,2023-01-12,2026-01-09,36,4,0
CUST00075,Maria Ramirez,41,Male,Yearly,2025-11-26,2025-12-11,5,6,0
CUST00076,Ashley Iyer,45,Female,Monthly,2025-08-09,2025-12-11,18,5,0
CUST00077,Scott Lee,26,Female,Yearly,2025-10-30,2025-12-11,23,6,0
CUST00078,Laura Mehta,36,Male,Yearly,2025-07-10,2025-12-31,18,6,0
CUST00079,Rohan Green,57,Male,Quarterly,2025-09-19,2025-12-29,23,4,0
CUST00080,Jeffrey Jones,36,Female,Monthly,2024-11-18,2025-07-16,2,5,1
CUST00081,William Rodriguez,25,Male,Monthly,2023-11-09,2026-01-11,17,8,0
CUST00082,Rebecca Clark,43,Male,Monthly,2023-05-08,2025-08-16,0,3,1
CUST00083,Deborah Mehta,28,Female,Yearly,2023-02-10,2025-12-10,12,9,0
CUST00084,Timothy Walker,38,Male,Monthly,2025-03-09,2025-12-20,7,8,0
CUST00085,Jonathan Mitchell,57,Female,Quarterly,2024-03-27,2025-12-29,26,5,0
CUST00086,Sharon Young,28,Male,Monthly,2025-04-08,2025-12-17,28,6,0
CUST00087,Suresh Rodriguez,38,Other,Quarterly,2025-03-17,2026-01-14,24,5,0
CUST00088,William Adams,33,Male,Yearly,2024-01-08,2025-08-26,0,2,1
CUST00089,Dorothy Wilson,31,Male,Monthly,2025-02-15,2025-08-16,0,7,1
CUST00090,Steven Singh,18,Male,Monthly,2023-04-17,2025-12-24,14,7,0
CUST00091,Mark Adams,49,Male,Yearly,2023-03-24,2025-12-31,6,9,0
CUST00092,Betty Singh,34,Male,Monthly,2023-09-16,2026-01-08,10,7,0
CUST00093,Larry Wilson,36,Male,Monthly,2025-01-25,2025-06-29,2,4,1
CUST00094,Janet Rivera,29,Male,Yearly,2024-09-29,2025-11-25,4,5,1
CUST00095,Ananya Martin,51,Female,Yearly,2025-02-07,2026-01-03,8,10,0
CUST00096,Elizabeth Nguyen,16,Female,Quarterly,2023-07-28,2025-12-27,16,8,0
CUST00097,Sneha Baker,37,Female,Monthly,2023-03-26,2025-08-14,2,3,1
CUST00098,Gregory White,28,Male,Quarterly,2023-01-26,2025-12-15,13,8,0
CUST00099,Susan Ramirez,37,Other,Quarterly,2025-07-30,2025-12-19,12,8,0
CUST00100,Daniel Campbell,37,Female,Quarterly,2025-09-17,2025-12-09,24,8,0
CUST00101,Paul Lee,24,Female,Yearly,2023-06-27,2025-12-18,13,8,0
CUST00102,Ashley Carter,40,Male,Quarterly,2025-02-15,2025-12-15,17,7,0
CUST00103,Sneha Lee,48,Male,Monthly,2024-06-13,2025-07-02,2,5,1
CUST00104,Rachel Reddy,31,Male,Monthly,2024-01-27,2025-08-19,3,6,1
CUST00105,Gary Scott,43,Female,Quarterly,2025-10-02,2026-01-14,24,9,0
CUST00106,Barbara Jackson,34,Male,Quarterly,2024-09-19,2025-12-23,23,6,0
CUST00107,Jacob Scott,37,Female,Monthly,2024-11-08,2025-08-07,3,4,1
CUST00108,Paul Martin,40,Male,Monthly,2024-01-30,2025-07-17,1,7,1
CUST00109,Ruth Hall,22,Male,Monthly,2025-09-18,2025-09-27,0,6,1
CUST00110,Scott Jackson,42,Other,Yearly,2024-08-29,2026-01-04,22,8,0
CUST00111,Joshua Smith,33,Female,Monthly,2023-04-04,2025-12-11,10,7,0
CUST00112,Donna Hall,26,Female,Quarterly,2025-10-02,2025-11-28,6,3,1
CUST00113,Brenda Jackson,24,Male,Monthly,2024-01-13,2025-12-30,15,7,0
CUST00114,Divya Walker,27,Male,Monthly,2025-10-04,2025-10-05,1,4,1
CUST00115,Karen Martinez,36,Female,Yearly,2023-06-24,2026-01-08,13,6,0
CUST00116,Anna Carter,36,Male,Quarterly,2024-04-07,2025-12-22,6,5,0
CUST00117,Laura Iyer,26,Male,Yearly,2025-05-28,2025-12-07,16,7,0
CUST00118,Linda Flores,50,Other,Monthly,2024-03-01,2025-12-30,24,7,0
CUST00119,Gregory Garcia,33,Male,Monthly,2023-06-03,2025-08-19,0,4,1
CUST00120,Laura Hall,30,Female,Monthly,2024-04-19,2025-09-20,4,2,1
CUST00121,Rachel Verma,39,Male,Quarterly,2024-06-25,2025-12-06,30,7,0
CUST00122,Pamela Nelson,38,Female,Monthly,2023-08-24,2026-01-06,23,6,0
CUST00123,Ritu Moore,36,Female,Monthly,2023-12-06,2025-12-08,18,7,0
CUST00124,Janet Gupta,25,Female,Monthly,2023-09-12,2025-09-15,4,5,1
CUST00125,Rachel Sanchez,49,Female,Quarterly,2025-10-08,2025-12-08,25,10,0
CUST00126,Jennifer Reddy,25,Male,Monthly,2024-05-27,2025-10-04,6,4,1
CUST00127,Frank Singh,58,Female,Quarterly,2023-02-12,2025-12-29,11,6,0
CUST00128,Brenda Williams,27,Female,Monthly,2025-11-28,2025-12-29,1,6,0
CUST00129,Lisa Nguyen,25,Male,Yearly,2023-07-06,2025-12-20,19,7,0
CUST00130,Kevin Lee,54,Female,Yearly,2024-11-06,2025-12-15,25,6,0
CUST00131,Andrew Nelson,24,Female,Yearly,2023-03-17,2025-12-26,21,5,0
CUST00132,Steven Lee,54,Male,Quarterly,2025-11-19,2026-01-15,27,6,0
CUST00133,Gregory Verma,16,Female,Monthly,2024-01-20,2025-06-25,8,3,1
CUST00134,Dennis Young,47,Female,Quarterly,2024-02-21,2025-10-29,0,3,1
CUST00135,Ananya Jackson,34,Male,Quarterly,2023-09-06,2025-06-23,4,3,1
CUST00136,Nicole Patel,40,Male,Monthly,2023-01-29,2026-01-10,9,7,0
CUST00137,Mark Singh,35,Female,Monthly,2023-08-29,2026-01-06,22,8,0
CUST00138,Amy Nair,21,Female,Quarterly,2024-07-13,2025-12-16,5,9,0
CUST00139,Jacob Thomas,37,Male,Monthly,2024-01-26,2025-12-14,12,9,0
CUST00140,Janet Reddy,35,Male,Monthly,2025-04-29,2025-07-25,7,4,1
CUST00141,Paul Gupta,56,Male,Quarterly,2025-09-29,2025-12-18,32,6,0
CUST00142,Jonathan Walker,44,Male,Quarterly,2025-02-11,2025-12-26,23,9,0
CUST00143,Aditya Gonzalez,23,Other,Monthly,2025-02-23,2025-08-18,6,6,1
CUST00144,Jennifer Lee,16,Female,Quarterly,2025-02-19,2025-06-15,0,1,1
CUST00145,Rahul Gupta,31,Female,Monthly,2023-03-17,2025-07-03,6,6,1
CUST00146,Kevin Verma,34,Male,Yearly,2023-07-24,2025-12-17,31,5,0
CUST00147,Mary Campbell,16,Male,Yearly,2023-11-13,2025-09-25,3,4,1
CUST00148,Carol Flores,33,Female,Quarterly,2024-11-03,2025-12-12,1,7,0
CUST00149,Timothy Lee,19,Female,Yearly,2025-09-26,2026-01-13,23,7,0
CUST00150,Emma Jones,23,Male,Quarterly,2024-08-11,2026-01-10,13,5,0
CUST00151,Sharon Miller,33,Female,Quarterly,2023-07-25,2025-12-27,25,5,0
CUST00152,Amit Johnson,39,Male,Quarterly,2024-08-23,2025-12-19,13,6,0
CUST00153,Charles Thomas,32,Female,Quarterly,2024-01-04,2025-11-11,0,3,1
CUST00154,Brandon Verma,20,Male,Quarterly,2025-10-16,2026-01-06,33,7,0
CUST00155,Sandra Robinson,26,Female,Monthly,2023-01-20,2025-12-17,19,7,0
CUST00156,Amit Jackson,31,Female,Monthly,2025-06-23,2025-12-09,22,8,0
CUST00157,Joshua Green,28,Other,Quarterly,2025-07-24,2026-01-03,13,6,0
CUST00158,Deborah Kumar,16,Female,Monthly,2025-01-05,2025-12-28,5,9,0
CUST00159,Robert Singh,52,Female,Monthly,2023-04-11,2025-12-15,16,8,0
CUST00160,Pooja Mehta,37,Female,Quarterly,2024-04-16,2025-12-24,42,8,0
CUST00161,Mark Green,32,Male,Monthly,2023-10-08,2025-12-06,10,4,0
CUST00162,Samuel Williams,36,Male,Monthly,2025-01-17,2026-01-10,11,5,0
CUST00163,Ritu Jackson,26,Male,Monthly,2024-02-16,2025-07-16,0,7,1
CUST00164,Kavita White,43,Female,Yearly,2023-12-03,2025-12-16,17,9,0
CUST00165,Vikram Jackson,34,Female,Monthly,2023-08-24,2026-01-11,11,9,0
CUST00166,Charles Carter,39,Other,Yearly,2025-03-24,2025-12-11,9,7,0
CUST00167,George Garcia,24,Female,Monthly,2023-09-11,2025-06-12,0,5,1
CUST00168,Janet Baker,55,Male,Monthly,2025-01-30,2025-10-03,0,5,1
CUST00169,Jacob Johnson,26,Female,Yearly,2024-11-02,2026-01-01,14,6,0
CUST00170,Samuel Jones,24,Female,Monthly,2024-09-10,2026-01-08,18,6,0
CUST00171,Sarah Williams,36,Female,Monthly,2025-10-05,2025-10-14,3,3,1
CUST00172,Sarah Harris,24,Male,Quarterly,2025-05-08,2026-01-06,13,8,0
CUST00173,Sanjay Clark,39,Female,Yearly,2025-04-15,2025-12-29,10,7,0
CUST00174,John Hall,42,Male,Monthly,2024-04-28,2026-01-09,4,8,0
CUST00175,Debra White,26,Female,Yearly,2025-01-04,2025-09-22,5,2,1
CUST00176,Matthew Davis,16,Female,Yearly,2023-07-07,2025-12-06,4,7,0
CUST00177,Scott Johnson,36,Male,Monthly,2023-09-15,2026-01-02,10,8,0
CUST00178,David Singh,16,Female,Monthly,2024-03-18,2026-01-01,17,5,0
CUST00179,Kevin Roberts,26,Male,Yearly,2023-01-06,2026-01-06,18,6,0
CUST00180,Thomas Wright,29,Male,Monthly,2023-02-22,2025-09-01,7,3,1
CUST00181,Rahul Sharma,43,Male,Monthly,2023-12-23,2025-10-30,0,5,1
CUST00182,Jack Clark,49,Female,Quarterly,2025-09-02,2025-12-23,0,6,0
CUST00183,Shirley Nguyen,40,Male,Quarterly,2023-03-30,2025-12-13,16,7,0
CUST00184,Joshua Robinson,27,Female,Monthly,2025-09-07,2025-12-19,18,7,0
CUST00185,Debra Miller,46,Female,Yearly,2023-05-31,2025-12-26,20,7,0
CUST00186,Nicole Martinez,29,Male,Monthly,2024-10-27,2025-07-02,2,3,1
CUST00187,Angela Jackson,38,Male,Quarterly,2023-07-23,2026-01-08,14,7,0
CUST00188,Karan Adams,56,Female,Quarterly,2024-03-16,2026-01-01,24,6,0
CUST00189,Edward Perez,47,Female,Monthly,2023-07-14,2025-09-12,2,1,1
CUST00190,Christine Taylor,22,Male,Monthly,2025-08-29,2025-11-10,0,3,1
CUST00191,Barbara Ramirez,34,Male,Quarterly,2023-09-24,2025-12-09,31,7,0
CUST00192,Anna Scott,31,Male,Monthly,2024-12-25,2025-12-19,24,3,0
CUST00193,Aditya Iyer,36,Female,Yearly,2024-10-01,2025-12-10,24,5,0
CUST00194,Nicholas Wilson,46,Male,Monthly,2023-08-10,2025-07-12,5,3,1
CUST00195,Melissa Davis,40,Female,Quarterly,2025-05-28,2025-12-07,36,7,0
CUST00196,Brandon Baker,36,Female,Monthly,2024-07-01,2025-09-23,2,2,1
CUST00197,Rachel Carter,43,Male,Monthly,2023-01-13,2025-10-26,1,4,1
CUST00198,Larry Nelson,28,Male,Monthly,2023-03-04,2025-07-19,5,4,1
CUST00199,Margaret Harris,45,Male,Monthly,2025-01-27,2025-09-09,2,3,1
CUST00200,Maria Torres,23,Female,Yearly,2023-11-15,2025-06-26,2,4,1
CUST00201,Michael Baker,42,Male,Monthly,2025-05-18,2025-12-18,10,8,0
CUST00202,Rebecca Moore,48,Male,Quarterly,2024-12-07,2025-12-28,21,10,0
CUST00203,Frank Baker,25,Female,Quarterly,2024-09-23,2025-08-22,0,1,1
CUST00204,Scott Brown,50,Male,Monthly,2024-03-08,2025-12-30,23,7,0
CUST00205,Donna Lee,37,Male,Monthly,2025-05-31,2025-08-26,0,8,1
CUST00206,Jonathan Rivera,35,Male,Quarterly,2024-12-26,2025-11-21,4,5,1
CUST00207,Sharon Johnson,39,Male,Monthly,2024-10-03,2025-12-10,19,6,0
CUST00208,Stephanie Rivera,39,Female,Monthly,2025-04-09,2025-09-09,9,6,1
CUST00209,Nancy Patel,51,Female,Monthly,2025-01-11,2025-11-04,2,2,1
CUST00210,Ashley Ramirez,32,Female,Quarterly,2025-03-21,2025-12-25,18,8,0
CUST00211,Mark Perez,16,Female,Monthly,2023-08-22,2025-10-13,8,3,1
CUST00212,Amit Roberts,29,Male,Quarterly,2023-10-30,2025-10-25,0,1,1
CUST00213,Steven Gonzalez,43,Male,Monthly,2023-06-04,2025-06-24,4,1,1
CUST00214,Amy Robinson,19,Female,Quarterly,2025-07-08,2025-12-10,15,9,0
CUST00215,Samuel Green,31,Other,Monthly,2024-10-09,2025-11-14,0,3,1
CUST00216,Jacob Lewis,31,Female,Quarterly,2023-04-26,2026-01-11,0,7,0
CUST00217,Michelle Robinson,31,Male,Monthly,2024-08-10,2025-11-08,6,7,1
CUST00218,Brandon Hill,46,Female,Monthly,2023-03-26,2025-07-08,3,2,1
CUST00219,Katherine Gonzalez,62,Male,Monthly,2023-11-05,2025-12-18,18,7,0
CUST00220,Susan Patel,33,Female,Monthly,2023-06-22,2026-01-04,19,7,0
CUST00221,Jennifer Thomas,27,Female,Yearly,2025-12-09,2026-01-05,13,7,0
CUST00222,George White,28,Female,Monthly,2024-11-23,2026-01-12,12,7,0
CUST00223,Rahul Green,31,Female,Monthly,2023-07-13,2025-12-22,30,3,0
CUST00224,Andrew Taylor,46,Female,Quarterly,2023-11-04,2025-12-09,27,4,0
CUST00225,Gregory Martinez,30,Female,Monthly,2025-03-13,2025-11-10,2,1,1
CUST00226,Michelle Scott,25,Male,Quarterly,2023-09-19,2025-12-13,9,9,0
CUST00227,Barbara Adams,44,Female,Quarterly,2023-02-07,2026-01-04,28,8,0
CUST00228,Margaret Perez,21,Female,Monthly,2024-04-08,2026-01-06,13,8,0
CUST00229,Elizabeth Jackson,20,Female,Monthly,2025-12-14,2025-12-24,6,3,1
CUST00230,Thomas Hill,29,Male,Monthly,2023-12-06,2026-01-13,23,7,0
CUST00231,Edward White,30,Female,Monthly,2025-06-28,2025-12-18,27,5,0
CUST00232,Sandra Wright,40,Male,Yearly,2025-08-18,2026-01-03,22,6,0
CUST00233,Melissa Baker,37,Female,Yearly,2025-08-03,2025-12-22,7,8,0
CUST00234,Nicholas King,31,Male,Monthly,2024-02-13,2026-01-07,13,8,0
CUST00235,Aditya Taylor,26,Male,Monthly,2025-01-30,2026-01-09,6,4,0
CUST00236,Catherine Kumar,40,Female,Monthly,2023-06-21,2025-12-29,7,9,0
CUST00237,Laura Mehta,16,Female,Yearly,2023-07-07,2026-01-01,31,7,0
CUST00238,Neha Lewis,32,Female,Yearly,2025-04-29,2025-07-26,2,4,1
CUST00239,Melissa Thomas,33,Male,Monthly,2024-04-04,2025-11-06,7,4,1
CUST00240,Rohan Rivera,35,Female,Quarterly,2023-10-09,2025-08-03,2,4,1
CUST00241,Rachel Singh,37,Male,Quarterly,2025-07-07,2026-01-10,4,5,0
CUST00242,Robert Taylor,42,Male,Monthly,2025-12-16,2025-12-20,4,3,1
CUST00243,Joshua Davis,34,Male,Monthly,2025-07-25,2025-07-27,5,3,1
CUST00244,Scott Wright,25,Male,Quarterly,2024-05-10,2025-12-28,19,5,0
CUST00245,Jason Smith,38,Female,Monthly,2025-05-03,2025-06-13,0,6,1
CUST00246,William King,39,Other,Monthly,2025-12-13,2025-12-14,20,8,0
CUST00247,Stephen Johnson,52,Male,Monthly,2025-03-03,2025-12-30,26,4,0
CUST00248,Janet Johnson,19,Male,Monthly,2024-05-08,2025-12-06,13,7,0
CUST00249,Susan Roberts,39,Female,Quarterly,2023-10-01,2025-07-15,1,4,1
CUST00250,Carol Gupta,25,Female,Yearly,2025-08-09,2025-12-16,13,5,0
CUST00251,Benjamin Lopez,23,Female,Monthly,2025-07-26,2025-10-11,0,2,1
CUST00252,Jennifer Sharma,45,Male,Monthly,2024-09-27,2025-12-12,10,10,0
CUST00253,Jacob Taylor,39,Male,Quarterly,2024-08-08,2026-01-12,19,6,0
CUST00254,Divya Adams,41,Male,Monthly,2025-01-23,2025-08-21,2,4,1
CUST00255,Janet Lewis,62,Female,Monthly,2024-01-18,2025-12-15,17,9,0
CUST00256,Melissa Nair,26,Female,Monthly,2023-06-19,2026-01-10,17,9,0
CUST00257,Sharon Hill,27,Other,Monthly,2024-08-24,2025-11-11,9,5,1
CUST00258,Dorothy Nelson,27,Male,Monthly,2025-05-22,2025-08-10,5,5,1
CUST00259,Brian Lewis,40,Male,Yearly,2024-12-23,2025-12-19,5,6,0
CUST00260,Emily Green,31,Other,Yearly,2023-06-03,2025-12-21,17,8,0
CUST00261,George Allen,35,Female,Quarterly,2023-03-05,2025-06-29,0,4,1
CUST00262,Frank Sharma,40,Male,Monthly,2024-04-28,2025-12-23,22,8,0
CUST00263,George Harris,43,Female,Monthly,2023-11-11,2025-12-23,21,7,0
CUST00264,Melissa Lewis,16,Female,Quarterly,2025-12-20,2025-12-25,5,4,1
CUST00265,Ashley Davis,36,Male,Monthly,2025-11-26,2025-11-28,0,2,1
CUST00266,Kimberly Roberts,45,Male,Monthly,2024-08-07,2025-12-15,17,8,0
CUST00267,Betty Davis,34,Male,Monthly,2023-12-20,2025-12-18,18,8,0
CUST00268,Barbara Patel,28,Female,Yearly,2024-10-16,2026-01-11,18,6,0
CUST00269,Stephen Wright,29,Male,Monthly,2023-11-19,2025-12-06,15,7,0
CUST00270,Daniel Sharma,28,Male,Monthly,2024-02-16,2025-12-31,28,5,0
CUST00271,Rahul Young,31,Male,Quarterly,2025-01-25,2025-12-11,14,9,0
CUST00272,Thomas Flores,36,Female,Monthly,2025-03-26,2025-12-16,26,5,0
CUST00273,Angela Clark,36,Female,Yearly,2023-06-01,2025-09-11,6,4,1
CUST00274,Samuel Jones,45,Male,Quarterly,2024-12-06,2025-07-13,2,6,1
CUST00275,Samantha Nguyen,59,Male,Yearly,2025-06-05,2026-01-12,15,6,0
CUST00276,Pooja Davis,49,Female,Monthly,2023-11-28,2025-10-05,8,3,1
CUST00277,Brian King,29,Female,Yearly,2024-05-28,2025-12-11,15,5,0
CUST00278,Emily Rodriguez,23,Female,Quarterly,2023-07-11,2026-01-05,9,6,0
CUST00279,Pamela Nguyen,33,Male,Quarterly,2024-11-22,2025-12-10,19,9,0
CUST00280,Jennifer Gupta,23,Female,Monthly,2024-06-26,2025-12-10,25,6,0
CUST00281,Rebecca Flores,33,Female,Monthly,2024-08-16,2025-12-27,23,5,0
CUST00282,Kathleen Thomas,38,Female,Quarterly,2024-09-01,2026-01-12,19,8,0
CUST00283,Christopher Lewis,37,Male,Monthly,2024-11-27,2025-12-26,37,6,0
CUST00284,Divya Rivera,28,Male,Yearly,2024-12-08,2026-01-07,13,6,0
CUST00285,Ruth White,26,Female,Monthly,2024-05-10,2025-12-29,27,9,0
CUST00286,Laura Thomas,27,Male,Monthly,2025-02-25,2025-12-20,11,8,0
CUST00287,Ashley Verma,27,Female,Yearly,2024-10-02,2026-01-05,23,7,0
CUST00288,Amy Allen,17,Male,Yearly,2025-10-15,2025-10-24,8,7,1
CUST00289,Ryan Thomas,27,Male,Monthly,2023-04-14,2025-07-02,2,4,1
CUST00290,Kavita Singh,37,Female,Monthly,2023-01-17,2025-12-19,23,10,0
CUST00291,Sarah Reddy,32,Male,Monthly,2025-04-05,2025-08-21,1,1,1
CUST00292,Michael Torres,25,Female,Monthly,2024-08-14,2025-07-25,3,7,1
CUST00293,Laura Carter,28,Female,Yearly,2023-09-01,2025-11-07,4,4,1
CUST00294,Ronald White,47,Female,Monthly,2025-01-18,2026-01-03,38,6,0
CUST00295,Nicole Allen,28,Male,Monthly,2023-03-21,2025-09-07,7,5,1
CUST00296,Anjali Walker,54,Female,Monthly,2025-11-21,2025-11-27,5,3,1
CUST00297,Christopher Sanchez,40,Other,Quarterly,2024-09-04,2025-12-14,26,8,0
CUST00298,Pooja Allen,39,Female,Quarterly,2024-09-05,2026-01-14,26,9,0
CUST00299,Melissa Perez,49,Female,Yearly,2024-09-22,2025-12-06,23,7,0
CUST00300,Patricia Hill,35,Male,Yearly,2024-04-11,2025-12-09,27,6,0
CUST00301,Kathleen Hernandez,38,Female,Quarterly,2025-02-17,2025-06-10,2,4,1
CUST00302,Ashley Williams,48,Female,Quarterly,2024-01-26,2025-09-12,4,4,1
CUST00303,Rebecca Martinez,19,Male,Monthly,2025-10-24,2025-12-16,23,8,0
CUST00304,Aditya Kumar,57,Female,Monthly,2023-10-10,2025-12-11,15,7,0
CUST00305,Dorothy Nelson,36,Male,Monthly,2023-12-21,2025-12-12,30,7,0
CUST00306,Carol Wright,37,Male,Quarterly,2024-06-25,2026-01-03,22,7,0
CUST00307,Ashley Moore,29,Female,Monthly,2024-09-01,2026-01-02,19,8,0
CUST00308,Alexander Rivera,22,Female,Monthly,2024-07-14,2025-07-08,4,2,1
CUST00309,Frank Wright,47,Male,Yearly,2024-12-07,2026-01-06,5,6,0
CUST00310,Donna Williams,38,Male,Quarterly,2024-12-10,2025-12-30,30,7,0
CUST00311,Janet Walker,27,Male,Yearly,2024-07-09,2025-12-29,33,5,0
CUST00312,Sarah Miller,16,Female,Quarterly,2024-05-11,2025-07-19,5,3,1
CUST00313,Mark Green,22,Male,Monthly,2024-11-07,2026-01-09,23,7,0
CUST00314,Debra Roberts,27,Male,Yearly,2023-11-20,2025-12-16,7,8,0
CUST00315,Kathleen Adams,41,Male,Yearly,2024-10-19,2026-01-12,17,10,0
CUST00316,Ritu Roberts,22,Male,Quarterly,2025-12-31,2026-01-13,5,6,0
CUST00317,Ritu Iyer,33,Male,Yearly,2023-12-27,2026-01-13,19,6,0
CUST00318,Rohan Sanchez,37,Female,Monthly,2024-08-15,2026-01-15,7,9,0
CUST00319,Joshua Torres,33,Female,Yearly,2024-11-17,2025-12-12,26,7,0
CUST00320,Angela Young,39,Female,Monthly,2025-10-29,2026-01-03,22,7,0
CUST00321,Vikram Davis,41,Male,Quarterly,2024-06-10,2026-01-15,28,7,0
CUST00322,Jack Perez,41,Female,Quarterly,2024-01-31,2025-06-21,3,6,1
CUST00323,Meera Sanchez,26,Female,Quarterly,2023-06-27,2026-01-09,32,7,0
CUST00324,Lisa Rodriguez,18,Male,Yearly,2023-01-14,2025-12-31,19,6,0
CUST00325,Laura Carter,43,Male,Monthly,2023-01-24,2025-08-31,2,3,1
CUST00326,Alexander Thomas,16,Male,Monthly,2024-09-20,2025-06-09,2,1,1
CUST00327,Nicholas Nair,16,Female,Quarterly,2024-09-28,2025-12-06,24,8,0
CUST00328,Suresh Jackson,38,Male,Monthly,2023-10-01,2025-12-17,10,7,0
CUST00329,Janet Hill,33,Male,Quarterly,2025-08-22,2026-01-02,8,9,0
CUST00330,Ruth Thomas,43,Female,Quarterly,2023-06-17,2025-12-13,16,7,0
CUST00331,Raymond White,36,Male,Quarterly,2023-05-07,2025-12-14,1,6,0
CUST00332,Betty Torres,26,Female,Monthly,2025-12-01,2025-12-05,0,3,1
CUST00333,Catherine Nguyen,53,Female,Yearly,2025-07-01,2025-12-17,23,6,0
CUST00334,Thomas Allen,40,Male,Quarterly,2025-08-04,2025-12-27,29,8,0
CUST00335,Patrick Johnson,34,Male,Yearly,2024-03-22,2026-01-13,12,8,0
CUST00336,Jason Thompson,38,Female,Quarterly,2023-05-04,2026-01-11,25,8,0
CUST00337,Vivek Walker,45,Male,Monthly,2023-10-05,2025-12-20,13,9,0
CUST00338,Melissa Mehta,36,Male,Yearly,2025-02-12,2025-12-12,34,6,0
CUST00339,Sarah Adams,53,Female,Monthly,2025-03-15,2026-01-01,19,6,0
CUST00340,Pooja Smith,28,Female,Yearly,2025-08-06,2025-12-12,15,7,0
CUST00341,Jason Wright,39,Male,Monthly,2025-08-01,2025-09-22,2,4,1
CUST00342,Matthew Nair,57,Female,Quarterly,2023-03-07,2025-12-20,31,7,0
CUST00343,Brandon Roberts,34,Female,Yearly,2024-05-07,2026-01-09,18,8,0
CUST00344,Scott Williams,22,Male,Quarterly,2023-04-10,2025-11-20,3,1,1
CUST00345,Stephanie Lewis,38,Male,Monthly,2023-04-26,2025-09-18,5,3,1
CUST00346,Sandra Gupta,51,Female,Quarterly,2024-10-18,2025-10-26,0,1,1
CUST00347,Gregory King,36,Male,Monthly,2023-05-05,2025-12-09,26,9,0
CUST00348,Kavita Mitchell,28,Female,Quarterly,2025-05-24,2026-01-12,26,7,0
CUST00349,Brian Adams,32,Female,Quarterly,2024-10-14,2025-12-20,25,8,0
CUST00350,Karen Martin,16,Male,Quarterly,2025-08-27,2025-10-05,8,6,1
CUST00351,Joshua Kumar,27,Female,Yearly,2023-04-29,2025-12-20,21,8,0
CUST00352,Anna King,36,Male,Monthly,2024-02-21,2025-11-11,2,2,1
CUST00353,Ananya Lewis,33,Female,Monthly,2024-01-26,2025-08-27,7,5,1
CUST00354,Frank Hill,29,Female,Yearly,2024-01-21,2025-12-09,24,3,0
CUST00355,Patrick Nelson,46,Female,Monthly,2024-11-12,2025-11-28,0,3,1
CUST00356,Margaret Nair,21,Male,Quarterly,2025-09-07,2025-12-08,7,9,0
CUST00357,Raymond Wilson,28,Male,Monthly,2024-10-20,2025-12-22,20,7,0
CUST00358,Cynthia Wright,39,Female,Monthly,2025-01-06,2025-12-15,18,5,0
CUST00359,Cynthia Miller,44,Female,Quarterly,2024-10-17,2025-12-23,14,4,0
CUST00360,Kenneth Clark,29,Male,Yearly,2023-10-26,2025-07-13,8,5,1
CUST00361,Vivek Nguyen,30,Female,Monthly,2023-11-09,2025-10-04,2,3,1
CUST00362,Timothy Torres,56,Female,Monthly,2024-11-22,2025-07-29,5,4,1
CUST00363,Patrick Adams,45,Female,Monthly,2024-12-22,2025-07-15,4,3,1
CUST00364,Gary Lopez,31,Female,Quarterly,2023-05-01,2026-01-11,17,7,0
CUST00365,Neha Nelson,42,Male,Monthly,2023-10-09,2026-01-01,18,8,0
CUST00366,David Rivera,33,Male,Monthly,2025-07-22,2025-08-01,4,1,1
CUST00367,Ritu Walker,44,Female,Monthly,2025-12-25,2026-01-15,20,8,0
CUST00368,Robert King,16,Female,Quarterly,2024-08-10,2025-06-12,10,3,1
CUST00369,Sharon Patel,46,Female,Monthly,2023-07-17,2025-12-31,9,8,0
CUST00370,Matthew Flores,22,Female,Yearly,2024-07-01,2026-01-10,13,10,0
CUST00371,Melissa Sanchez,31,Male,Monthly,2024-04-07,2025-11-11,4,5,1
CUST00372,Katherine Kumar,39,Female,Monthly,2025-04-10,2025-07-13,4,4,1
CUST00373,Jacob Brown,60,Female,Quarterly,2023-06-19,2025-12-19,17,7,0
CUST00374,Samuel Sharma,45,Male,Yearly,2023-07-15,2026-01-13,26,9,0
CUST00375,Sandra Wilson,41,Female,Quarterly,2025-08-31,2025-11-12,0,7,1
CUST00376,Debra Nair,21,Male,Quarterly,2023-03-09,2025-09-12,4,2,1
CUST00377,Robert Wilson,33,Female,Quarterly,2025-03-26,2025-12-27,20,7,0
CUST00378,Christopher Torres,38,Male,Yearly,2025-03-07,2025-12-12,30,7,0
CUST00379,Kevin Harris,31,Female,Monthly,2023-06-10,2025-12-24,25,9,0
CUST00380,Michael Miller,20,Male,Yearly,2024-11-28,2025-12-07,22,8,0
CUST00381,Scott Sanchez,30,Other,Monthly,2024-07-13,2025-12-18,29,7,0
CUST00382,Gary Anderson,35,Male,Yearly,2025-06-03,2025-12-09,16,7,0
CUST00383,Gregory Harris,21,Male,Quarterly,2024-05-19,2026-01-10,6,9,0
CUST00384,Paul Martinez,24,Male,Quarterly,2023-11-12,2025-12-26,10,4,0
CUST00385,George Miller,26,Male,Yearly,2025-06-29,2025-12-29,7,9,0
CUST00386,Susan Rodriguez,45,Male,Monthly,2025-11-15,2025-11-25,1,8,1
CUST00387,Barbara Thompson,44,Female,Quarterly,2024-10-26,2026-01-15,15,3,0
CUST00388,Donna Clark,59,Male,Monthly,2024-05-12,2026-01-05,6,4,0
CUST00389,Debra Harris,45,Male,Monthly,2024-07-03,2026-01-11,37,9,0
CUST00390,Nancy Ramirez,40,Male,Monthly,2023-06-07,2025-09-29,5,5,1
CUST00391,Patrick Green,42,Female,Quarterly,2025-07-26,2025-09-15,4,4,1
CUST00392,James Sanchez,33,Male,Quarterly,2024-11-05,2025-12-19,11,6,0
CUST00393,Neha Gupta,16,Female,Yearly,2023-10-06,2025-12-08,17,5,0
CUST00394,Alexander Gonzalez,21,Male,Monthly,2025-03-26,2025-12-28,19,9,0
CUST00395,Jack Hall,44,Female,Yearly,2024-05-11,2025-12-29,5,5,0
CUST00396,Neha Sharma,44,Male,Monthly,2024-02-14,2025-12-12,10,6,0
CUST00397,Lisa Baker,40,Female,Monthly,2025-08-03,2026-01-02,10,7,0
CUST00398,Jeffrey Patel,19,Male,Quarterly,2025-04-17,2026-01-07,13,7,0
CUST00399,Samantha Martin,16,Male,Quarterly,2025-05-16,2026-01-11,21,7,0
CUST00400,Laura Hill,40,Male,Monthly,2025-11-03,2025-12-20,19,9,0
CUST00401,Helen Williams,35,Female,Monthly,2023-06-24,2025-09-29,2,4,1
CUST00402,Gregory Nelson,39,Male,Quarterly,2023-04-01,2025-12-21,18,7,0
CUST00403,Dennis Perez,26,Other,Monthly,2023-01-22,2025-10-06,2,1,1
CUST00404,Shirley Mitchell,53,Female,Quarterly,2024-03-28,2025-12-21,8,6,0
CUST00405,Cynthia Roberts,26,Female,Quarterly,2023-11-05,2026-01-14,25,6,0
CUST00406,Kathleen Miller,47,Male,Yearly,2023-06-25,2025-10-26,1,4,1
CUST00407,Brian Martin,24,Male,Quarterly,2025-12-03,2025-12-16,35,5,0
CUST00408,Richard Lewis,37,Female,Monthly,2023-05-18,2025-11-02,5,4,1
CUST00409,Robert Kumar,31,Male,Monthly,2023-12-03,2025-12-31,16,7,0
CUST00410,Eric Lopez,32,Female,Monthly,2025-05-23,2026-01-01,25,10,0
CUST00411,Anjali Sanchez,27,Female,Monthly,2025-06-04,2025-06-27,0,4,1
CUST00412,Sanjay Gonzalez,62,Male,Monthly,2023-01-10,2026-01-02,11,9,0
CUST00413,Emily Carter,52,Female,Quarterly,2023-07-28,2025-12-12,13,8,0
CUST00414,Lisa White,51,Male,Monthly,2024-06-21,2025-12-15,14,6,0
CUST00415,Angela Green,27,Male,Monthly,2025-03-14,2025-12-24,9,6,0
CUST00416,Amanda Kumar,20,Male,Monthly,2024-09-01,2025-12-09,18,6,0
CUST00417,William Baker,36,Male,Monthly,2024-09-17,2025-08-28,0,4,1
CUST00418,Alexander Martinez,43,Female,Monthly,2023-10-10,2025-12-19,2,7,0
CUST00419,Lisa Young,47,Female,Quarterly,2023-12-21,2025-12-15,8,9,0
CUST00420,Andrew Rodriguez,38,Male,Yearly,2023-04-20,2026-01-15,12,7,0
CUST00421,Gary Rodriguez,40,Male,Monthly,2025-11-01,2025-12-20,18,8,0
CUST00422,Debra Young,23,Male,Yearly,2025-09-27,2025-09-28,4,1,1
CUST00423,Rahul Carter,32,Male,Monthly,2024-04-05,2026-01-05,10,6,0
CUST00424,Maria Robinson,47,Female,Quarterly,2025-10-11,2026-01-08,26,8,0
CUST00425,Brenda Davis,21,Male,Quarterly,2025-01-21,2026-01-13,15,9,0
CUST00426,Ruth Campbell,35,Male,Monthly,2025-05-20,2025-06-17,10,4,1
CUST00427,Dennis Thomas,36,Male,Yearly,2025-07-10,2026-01-10,15,7,0
CUST00428,Jeffrey Verma,32,Other,Quarterly,2024-04-30,2025-07-04,6,5,1
CUST00429,Alexander Thompson,25,Female,Quarterly,2025-05-26,2025-10-27,0,1,1
CUST00430,Priya Wilson,39,Female,Yearly,2024-12-19,2025-12-08,9,4,0
CUST00431,Jonathan Hernandez,38,Male,Quarterly,2024-08-15,2025-12-14,37,7,0
CUST00432,Amit Baker,43,Female,Monthly,2025-04-22,2025-12-29,18,7,0
CUST00433,Divya Adams,44,Male,Yearly,2024-05-26,2025-09-10,3,4,1
CUST00434,Pooja Thomas,37,Female,Quarterly,2025-09-29,2025-10-04,1,5,1
CUST00435,Benjamin Clark,32,Male,Monthly,2023-07-10,2025-09-21,1,5,1
CUST00436,Alexander Nair,24,Female,Monthly,2025-09-26,2025-12-01,4,4,1
CUST00437,Aditya Roberts,45,Female,Monthly,2025-07-27,2025-12-24,21,7,0
CUST00438,Sneha Jones,42,Female,Monthly,2025-05-29,2025-12-15,29,8,0
CUST00439,Paul Lee,34,Female,Monthly,2023-09-25,2025-12-15,7,5,0
CUST00440,Priya Perez,30,Female,Quarterly,2023-04-05,2025-08-06,2,3,1
CUST00441,Robert Davis,34,Female,Monthly,2025-07-23,2025-08-14,5,4,1
CUST00442,Betty Hall,39,Female,Yearly,2024-09-10,2025-12-29,18,4,0
CUST00443,Barbara Adams,23,Male,Monthly,2023-12-05,2025-06-24,3,2,1
CUST00444,Michelle Campbell,40,Female,Monthly,2023-07-06,2026-01-15,30,9,0
CUST00445,Margaret Walker,31,Male,Quarterly,2025-11-29,2026-01-15,29,7,0
CUST00446,Mary Hall,30,Male,Monthly,2025-05-14,2025-12-16,13,6,0
CUST00447,Elizabeth Anderson,29,Male,Quarterly,2023-07-29,2025-08-29,4,4,1
CUST00448,Kavita Martin,34,Male,Quarterly,2023-09-30,2026-01-06,21,9,0
CUST00449,David King,44,Female,Quarterly,2023-12-03,2026-01-02,6,3,0
CUST00450,Benjamin Mitchell,44,Male,Monthly,2025-06-25,2026-01-10,7,6,0
CUST00451,Meera Miller,21,Male,Monthly,2025-02-25,2025-08-14,0,5,1
CUST00452,Kenneth Sharma,42,Male,Monthly,2023-06-22,2025-07-01,2,1,1
CUST00453,Scott Campbell,27,Female,Quarterly,2023-02-24,2025-12-27,21,5,0
CUST00454,Anthony King,36,Female,Monthly,2025-03-13,2025-11-18,3,5,1
CUST00455,Priya Mehta,35,Female,Monthly,2025-03-01,2025-07-27,1,6,1
CUST00456,Samantha Hill,32,Male,Yearly,2023-01-25,2025-12-26,17,5,0
CUST00457,Thomas Harris,29,Female,Quarterly,2025-01-18,2026-01-04,10,7,0
CUST00458,Ruth Walker,52,Female,Quarterly,2023-02-04,2026-01-15,7,4,0
CUST00459,Kimberly Wilson,50,Male,Monthly,2025-03-26,2025-12-06,16,6,0
CUST00460,Catherine Allen,45,Female,Monthly,2025-04-03,2025-07-17,2,7,1
CUST00461,Jonathan Flores,41,Male,Monthly,2023-06-11,2026-01-02,14,10,0
CUST00462,Vikram Martinez,27,Female,Monthly,2023-05-16,2025-08-12,6,4,1
CUST00463,Carolyn Kumar,48,Male,Monthly,2025-06-08,2025-06-28,8,4,1
CUST00464,Nicole Brown,25,Male,Quarterly,2023-12-26,2025-10-27,5,2,1
CUST00465,Rachel Smith,56,Male,Yearly,2025-12-07,2025-12-30,19,6,0
CUST00466,Nancy White,36,Male,Quarterly,2024-07-04,2026-01-08,7,5,0
CUST00467,Jerry Mehta,47,Male,Yearly,2024-07-11,2025-12-30,12,5,0
CUST00468,Catherine Torres,39,Female,Monthly,2025-11-12,2025-11-22,7,5,1
CUST00469,Nancy White,44,Male,Quarterly,2023-08-25,2025-07-24,1,1,1
CUST00470,James Williams,50,Female,Monthly,2023-04-05,2025-12-22,15,6,0
CUST00471,Suresh Martinez,48,Male,Yearly,2023-03-14,2025-12-20,22,7,0
CUST00472,Mark Lee,57,Male,Yearly,2024-10-17,2026-01-11,12,8,0
CUST00473,Brenda White,34,Male,Quarterly,2023-04-18,2025-07-22,4,6,1
CUST00474,Jennifer Sanchez,39,Male,Monthly,2024-08-01,2025-12-27,22,8,0
CUST00475,Dorothy Garcia,29,Female,Monthly,2024-02-15,2025-09-15,1,2,1
CUST00476,Jack Flores,16,Male,Monthly,2025-10-07,2026-01-03,34,5,0
CUST00477,Carolyn Mehta,31,Female,Quarterly,2023-11-05,2025-08-19,3,4,1
CUST00478,Patricia Anderson,42,Female,Quarterly,2023-01-20,2026-01-15,24,6,0
CUST00479,Ruth Nelson,32,Male,Quarterly,2024-09-21,2025-07-19,4,3,1
CUST00480,Donald Clark,51,Female,Monthly,2023-10-19,2026-01-10,21,8,0
CUST00481,Jennifer Iyer,41,Male,Yearly,2025-04-25,2025-12-23,27,7,0
CUST00482,Ryan Mitchell,19,Male,Monthly,2023-10-01,2025-12-21,21,6,0
CUST00483,Elizabeth Nguyen,28,Female,Monthly,2023-09-25,2025-09-26,5,6,1
CUST00484,Sneha Lee,34,Female,Monthly,2024-10-30,2025-09-23,4,7,1
CUST00485,Sandra Jones,36,Female,Monthly,2023-08-12,2025-10-20,11,5,1
CUST00486,Laura Robinson,16,Male,Monthly,2025-01-03,2026-01-02,24,7,0
CUST00487,Laura Martin,48,Male,Yearly,2023-07-05,2025-12-27,23,7,0
CUST00488,Arjun Rivera,20,Female,Monthly,2024-11-02,2025-09-29,3,2,1
CUST00489,Amanda Sanchez,27,Female,Quarterly,2024-06-16,2026-01-04,22,9,0
CUST00490,Patricia Sanchez,38,Female,Quarterly,2024-05-26,2025-11-05,0,5,1
CUST00491,Anjali Sharma,47,Male,Monthly,2024-03-31,2025-08-21,2,3,1
CUST00492,Melissa Baker,34,Female,Quarterly,2024-06-14,2026-01-11,11,8,0
CUST00493,Robert Jones,32,Male,Quarterly,2023-09-21,2025-09-08,5,2,1
CUST00494,Jessica Williams,29,Female,Monthly,2025-06-06,2025-12-21,23,6,0
CUST00495,Amy Johnson,52,Male,Monthly,2024-12-25,2025-10-15,2,4,1
CUST00496,Emily Moore,44,Male,Monthly,2024-05-18,2025-12-15,6,4,0
CUST00497,Edward Reddy,17,Female,Monthly,2024-07-26,2025-08-16,7,3,1
CUST00498,Betty Adams,62,Female,Quarterly,2023-02-09,2025-12-24,13,7,0
CUST00499,Kathleen Wright,50,Female,Monthly,2025-10-25,2025-10-28,10,7,1
CUST00500,Patricia Lee,47,Female,Monthly,2024-07-29,2025-08-03,7,5,1
CUST00501,Angela Thompson,42,Female,Yearly,2023-11-23,2025-06-16,2,2,1
CUST00502,Donald Moore,33,Female,Quarterly,2023-04-25,2026-01-01,16,6,0
CUST00503,Brenda Kumar,41,Other,Monthly,2023-12-22,2025-07-03,6,4,1
CUST00504,Kenneth Patel,50,Female,Monthly,2023-02-27,2025-12-24,8,7,0
CUST00505,Larry Torres,26,Male,Yearly,2025-10-05,2026-01-04,3,7,0
CUST00506,Gary Williams,32,Male,Monthly,2024-03-24,2025-08-01,8,5,1
CUST00507,James Perez,22,Female,Monthly,2023-09-25,2025-10-17,9,6,1
CUST00508,Suresh Patel,40,Female,Monthly,2023-02-14,2025-10-26,3,2,1
CUST00509,Maria Davis,29,Female,Yearly,2023-05-29,2025-12-21,26,10,0
CUST00510,Pamela Miller,50,Male,Monthly,2023-11-19,2025-12-19,14,5,0
CUST00511,Rahul Green,35,Other,Quarterly,2023-12-23,2025-12-11,3,7,0
CUST00512,Alexander Reddy,32,Female,Quarterly,2024-04-02,2026-01-04,14,4,0
CUST00513,Timothy Martin,39,Female,Monthly,2023-12-30,2025-12-10,13,5,0
CUST00514,Ronald Kumar,16,Other,Yearly,2023-03-08,2025-09-11,3,7,1
CUST00515,Suresh Patel,52,Other,Monthly,2023-08-02,2026-01-06,14,6,0
CUST00516,Kevin Mitchell,39,Male,Monthly,2024-10-16,2025-11-09,1,4,1
CUST00517,Arjun Rivera,42,Female,Quarterly,2024-11-18,2025-12-30,27,7,0
CUST00518,Anthony Thomas,31,Female,Monthly,2023-08-10,2026-01-12,10,6,0
CUST00519,Deborah Lewis,31,Female,Yearly,2025-04-27,2025-12-22,20,8,0
CUST00520,Brian Wright,25,Male,Yearly,2024-04-06,2025-11-13,8,3,1
CUST00521,Anjali Kumar,33,Male,Monthly,2024-06-18,2026-01-11,12,3,0
CUST00522,Carol Hernandez,43,Female,Monthly,2023-06-03,2026-01-10,23,6,0
CUST00523,Carol Hill,34,Other,Yearly,2023-03-05,2026-01-05,22,4,0
CUST00524,Nicole Reddy,28,Male,Monthly,2024-11-09,2025-10-14,6,1,1
CUST00525,Edward Hall,37,Female,Yearly,2024-06-27,2025-12-27,7,7,0
CUST00526,Donald Miller,33,Male,Quarterly,2025-10-02,2025-10-03,0,6,1
CUST00527,Jason Garcia,25,Male,Quarterly,2025-09-10,2025-11-25,1,4,1
CUST00528,Anthony Hernandez,46,Female,Yearly,2025-08-27,2025-12-27,9,7,0
CUST00529,Priya Sanchez,38,Male,Yearly,2024-06-26,2025-07-15,6,4,1
CUST00530,Deborah Lopez,29,Male,Monthly,2024-01-18,2025-09-25,1,4,1
CUST00531,Jeffrey Robinson,22,Male,Yearly,2023-05-07,2025-06-14,0,4,1
CUST00532,Richard Garcia,43,Female,Yearly,2025-04-27,2025-12-09,0,5,0
CUST00533,Sandra Scott,40,Male,Monthly,2025-12-06,2025-12-14,10,4,1
CUST00534,Brenda Reddy,25,Male,Monthly,2025-03-19,2026-01-13,16,9,0
CUST00535,Nicholas Torres,26,Female,Yearly,2023-10-29,2025-08-09,1,3,1
CUST00536,Daniel Hernandez,23,Other,Yearly,2023-09-16,2025-11-11,4,7,1
CUST00537,Debra Ramirez,37,Male,Yearly,2023-10-30,2025-12-30,15,6,0
CUST00538,Kenneth Iyer,16,Female,Yearly,2023-06-28,2025-12-21,25,7,0
CUST00539,Stephen Lee,32,Female,Quarterly,2023-01-26,2025-12-07,43,7,0
CUST00540,Pamela King,25,Female,Monthly,2023-11-03,2025-07-04,2,6,1
CUST00541,Justin Carter,35,Other,Monthly,2023-08-05,2026-01-09,6,8,0
CUST00542,Priya Jackson,26,Female,Yearly,2025-04-21,2025-12-15,32,8,0
CUST00543,Brenda Hill,29,Male,Monthly,2025-04-05,2025-06-29,7,4,1
CUST00544,Debra Hall,43,Male,Monthly,2024-11-09,2026-01-12,21,6,0
CUST00545,Janet Walker,26,Female,Yearly,2023-02-11,2025-12-27,26,6,0
CUST00546,Michelle Moore,29,Female,Yearly,2023-07-21,2026-01-01,10,7,0
CUST00547,Sarah Martin,56,Other,Monthly,2024-10-19,2025-08-17,0,4,1
CUST00548,Nicole Adams,49,Male,Monthly,2025-04-13,2025-12-13,17,7,0
CUST00549,Aditya White,22,Female,Quarterly,2023-11-22,2025-07-25,5,3,1
CUST00550,Stephanie Rodriguez,44,Female,Quarterly,2023-03-01,2025-10-11,7,8,1
CUST00551,Rohan Brown,40,Male,Monthly,2025-01-08,2025-12-29,20,7,0
CUST00552,Melissa Gupta,30,Male,Monthly,2023-09-11,2025-12-31,20,6,0
CUST00553,Melissa Young,35,Female,Monthly,2025-08-29,2025-12-24,28,5,0
CUST00554,Brian Hernandez,46,Female,Monthly,2023-07-05,2025-08-25,7,3,1
CUST00555,Michael Hernandez,16,Female,Quarterly,2024-03-14,2026-01-01,13,9,0
CUST00556,Frank Wilson,33,Male,Monthly,2023-02-11,2026-01-15,10,6,0
CUST00557,Jacob Iyer,43,Male,Monthly,2023-01-18,2025-06-29,5,3,1
CUST00558,Vikram Martin,29,Female,Quarterly,2024-07-17,2025-12-22,14,5,0
CUST00559,Karan Thompson,51,Male,Monthly,2024-09-10,2025-12-07,15,9,0
CUST00560,Ronald Nguyen,50,Male,Quarterly,2025-02-05,2025-12-08,25,6,0
CUST00561,Nicole Jackson,38,Male,Monthly,2023-05-11,2025-09-22,3,2,1
CUST00562,Samantha Lee,37,Female,Monthly,2024-09-03,2025-07-22,0,6,1
CUST00563,Ruth Thomas,28,Female,Yearly,2025-04-07,2026-01-07,19,7,0
CUST00564,Patrick Johnson,31,Female,Yearly,2024-06-15,2025-12-21,22,6,0
CUST00565,Deborah Mitchell,43,Male,Quarterly,2024-01-24,2026-01-01,7,7,0
CUST00566,Debra Wright,55,Female,Monthly,2025-01-04,2026-01-05,9,6,0
CUST00567,Rohan Nelson,39,Female,Monthly,2023-07-19,2025-12-30,19,7,0
CUST00568,Patrick Patel,39,Female,Yearly,2024-11-18,2026-01-01,23,8,0
CUST00569,Amanda Anderson,38,Female,Monthly,2024-11-09,2025-07-05,3,5,1
CUST00570,Donna Robinson,54,Female,Monthly,2023-05-26,2026-01-03,16,5,0
CUST00571,Nicholas Davis,46,Female,Monthly,2024-09-03,2025-10-24,3,1,1
CUST00572,Sarah Gonzalez,43,Male,Yearly,2025-07-26,2025-10-16,2,4,1
CUST00573,Maria Garcia,37,Female,Quarterly,2023-12-29,2026-01-12,19,8,0
CUST00574,James Lewis,29,Male,Quarterly,2023-12-12,2026-01-05,22,6,0
CUST00575,Gary Sharma,42,Female,Monthly,2025-06-07,2025-12-21,22,5,0
CUST00576,Jason Walker,45,Male,Monthly,2024-02-13,2026-01-15,13,8,0
CUST00577,Meera Lee,38,Female,Quarterly,2023-02-06,2025-12-06,32,6,0
CUST00578,Carolyn Thomas,30,Male,Yearly,2024-10-01,2025-08-25,3,3,1
CUST00579,Nicholas Nguyen,42,Male,Monthly,2023-04-04,2025-09-18,0,2,1
CUST00580,Ryan Campbell,22,Female,Quarterly,2025-06-07,2026-01-07,25,9,0
CUST00581,Carol Mehta,32,Female,Quarterly,2023-12-04,2025-12-21,16,7,0
CUST00582,Robert Anderson,46,Male,Yearly,2024-03-08,2025-12-09,10,7,0
CUST00583,Nicholas Hernandez,44,Male,Quarterly,2023-03-18,2025-12-06,22,7,0
CUST00584,Steven Roberts,45,Female,Monthly,2023-04-09,2026-01-14,0,8,0
CUST00585,Michael Hall,26,Male,Monthly,2023-09-11,2025-12-16,3,8,0
CUST00586,Rachel Martinez,49,Male,Quarterly,2023-01-20,2026-01-09,16,8,0
CUST00587,Gregory King,51,Male,Quarterly,2023-10-08,2026-01-09,28,9,0
CUST00588,Shirley Campbell,42,Female,Monthly,2023-08-06,2025-12-08,18,4,0
CUST00589,Betty Roberts,31,Male,Quarterly,2024-02-18,2025-12-20,11,10,0
CUST00590,Donna Hernandez,32,Male,Monthly,2024-03-01,2025-12-16,18,8,0
CUST00591,Kevin Thomas,34,Male,Quarterly,2023-08-15,2025-12-15,31,6,0
CUST00592,Karen Garcia,36,Female,Monthly,2023-07-27,2026-01-01,12,5,0
CUST00593,Ryan Jackson,27,Male,Monthly,2023-12-24,2025-12-28,17,6,0
CUST00594,George Patel,26,Female,Monthly,2023-08-26,2025-11-20,0,4,1
CUST00595,Mary Kumar,17,Male,Quarterly,2024-11-04,2025-08-11,6,4,1
CUST00596,Emma Moore,17,Female,Monthly,2024-12-02,2025-08-21,3,2,1
CUST00597,Stephanie Robinson,37,Male,Monthly,2025-09-06,2026-01-05,28,4,0
CUST00598,Joseph Rodriguez,35,Female,Monthly,2023-11-23,2025-07-03,3,5,1
CUST00599,Kathleen Patel,36,Female,Monthly,2025-02-16,2025-12-07,11,6,0
CUST00600,Patricia Verma,25,Female,Yearly,2023-09-25,2025-12-15,26,7,0
CUST00601,Joseph Reddy,54,Male,Monthly,2024-06-19,2026-01-15,17,6,0
CUST00602,Raymond Verma,17,Female,Quarterly,2024-04-03,2025-12-25,3,4,0
CUST00603,Eric King,36,Female,Quarterly,2025-06-05,2025-12-31,22,4,0
CUST00604,Kathleen Thompson,43,Female,Quarterly,2023-11-01,2025-12-11,14,7,0
CUST00605,Meera Flores,51,Male,Quarterly,2023-11-18,2025-12-16,25,6,0
CUST00606,Karan Young,24,Female,Monthly,2025-10-03,2025-10-08,0,2,1
CUST00607,Michael Allen,31,Male,Quarterly,2025-04-05,2026-01-10,10,7,0
CUST00608,Ryan Lewis,34,Female,Monthly,2025-10-17,2025-11-01,3,3,1
CUST00609,Amy Mitchell,35,Female,Monthly,2025-04-24,2025-07-14,5,2,1
CUST00610,James Gupta,49,Male,Quarterly,2024-09-15,2025-12-11,17,7,0
CUST00611,Anthony Adams,41,Female,Yearly,2025-01-14,2026-01-01,19,8,0
CUST00612,Sneha Robinson,37,Male,Quarterly,2025-08-26,2025-12-23,13,7,0
CUST00613,Catherine Lewis,21,Male,Quarterly,2024-03-30,2025-09-02,4,4,1
CUST00614,Pooja Green,31,Other,Monthly,2025-12-05,2025-12-06,3,1,1
CUST00615,Meera Hernandez,27,Female,Yearly,2025-04-18,2025-06-28,4,4,1
CUST00616,Betty Gonzalez,22,Male,Yearly,2024-03-17,2026-01-03,28,6,0
CUST00617,Catherine Perez,44,Male,Monthly,2023-09-10,2025-12-18,21,6,0
CUST00618,Ryan Nelson,53,Female,Quarterly,2025-10-18,2025-11-19,0,5,1
CUST00619,Stephen Nair,45,Male,Quarterly,2025-11-07,2026-01-04,12,9,0
CUST00620,Alexander Nguyen,31,Male,Yearly,2023-08-01,2025-12-08,20,7,0
CUST00621,Nicole Reddy,32,Male,Yearly,2025-05-07,2025-12-31,24,8,0
CUST00622,Emily Sanchez,16,Other,Yearly,2025-07-16,2026-01-07,28,4,0
CUST00623,Edward Hill,45,Female,Quarterly,2024-09-04,2025-12-11,27,5,0
CUST00624,Divya Lee,29,Female,Yearly,2024-03-21,2025-12-07,9,6,0
CUST00625,Catherine Jackson,30,Female,Yearly,2023-09-29,2026-01-04,24,9,0
CUST00626,Nicholas Wright,49,Female,Monthly,2023-08-25,2025-12-11,13,6,0
CUST00627,Kathleen Nguyen,16,Female,Quarterly,2025-05-04,2025-12-12,11,8,0
CUST00628,Andrew Reddy,51,Female,Yearly,2025-12-06,2025-12-09,0,3,1
CUST00629,Michael Nelson,33,Male,Monthly,2023-11-26,2025-12-30,20,6,0
CUST00630,Charles Singh,38,Male,Quarterly,2024-02-22,2026-01-13,14,7,0
CUST00631,Amanda Gupta,40,Male,Quarterly,2024-04-04,2025-12-11,18,6,0
CUST00632,Deborah Thomas,32,Female,Quarterly,2024-08-12,2026-01-12,17,6,0
CUST00633,Ananya Harris,31,Male,Yearly,2024-10-02,2026-01-12,30,8,0
CUST00634,Mary Mitchell,30,Male,Quarterly,2025-06-26,2025-12-06,23,6,0
CUST00635,Raymond Rivera,46,Female,Quarterly,2024-02-07,2026-01-03,20,7,0
CUST00636,Donna Lewis,38,Male,Quarterly,2024-01-18,2025-12-14,5,5,0
CUST00637,Jessica Harris,20,Male,Monthly,2024-06-25,2025-07-05,4,7,1
CUST00638,Sneha Taylor,58,Male,Monthly,2023-11-14,2025-09-10,5,5,1
CUST00639,Scott Brown,16,Female,Quarterly,2024-09-08,2025-12-10,13,6,0
CUST00640,Stephen Thompson,27,Male,Quarterly,2025-12-12,2025-12-21,3,3,1
CUST00641,David Sharma,16,Female,Monthly,2025-04-06,2025-10-06,6,2,1
CUST00642,Sanjay Wilson,36,Female,Monthly,2024-08-24,2025-06-26,10,2,1
CUST00643,Angela Walker,16,Other,Yearly,2023-01-19,2025-09-04,3,6,1
CUST00644,Laura Thomas,55,Female,Quarterly,2024-05-14,2025-12-26,8,8,0
CUST00645,Timothy Iyer,28,Female,Monthly,2024-06-09,2025-12-28,17,10,0
CUST00646,Patricia Iyer,17,Female,Quarterly,2025-11-19,2025-12-18,20,8,0
CUST00647,Gary Williams,45,Male,Quarterly,2024-10-18,2026-01-09,18,7,0
CUST00648,Nancy Roberts,29,Female,Monthly,2023-05-15,2025-06-23,4,3,1
CUST00649,Maria Wilson,40,Female,Monthly,2023-08-01,2025-08-12,2,4,1
CUST00650,Samuel Gupta,33,Female,Quarterly,2023-11-11,2025-09-08,7,4,1
CUST00651,John Garcia,16,Male,Monthly,2024-05-30,2025-12-10,28,5,0
CUST00652,Arjun Anderson,26,Female,Monthly,2025-07-12,2025-12-19,13,9,0
CUST00653,Kenneth Johnson,16,Male,Monthly,2023-01-13,2025-12-07,43,8,0
CUST00654,David Carter,36,Female,Monthly,2023-05-29,2025-07-26,3,4,1
CUST00655,Susan Jackson,39,Female,Monthly,2023-06-27,2025-08-11,5,5,1
CUST00656,Timothy Sanchez,34,Female,Monthly,2023-11-17,2026-01-07,16,7,0
CUST00657,Janet Sanchez,31,Female,Yearly,2024-08-27,2026-01-06,27,8,0
CUST00658,Joshua Baker,16,Female,Yearly,2025-02-03,2026-01-15,23,7,0
CUST00659,Stephen Verma,33,Female,Monthly,2023-01-11,2025-12-21,14,8,0
CUST00660,Jonathan Scott,44,Female,Monthly,2024-12-05,2025-06-19,1,4,1
CUST00661,Sneha Allen,23,Male,Monthly,2024-06-01,2025-10-16,0,3,1
CUST00662,Christine Patel,43,Female,Monthly,2025-08-02,2026-01-11,25,8,0
CUST00663,Donna Nelson,41,Male,Monthly,2025-09-24,2025-12-24,22,6,0
CUST00664,Thomas Nelson,38,Female,Monthly,2023-05-23,2025-12-26,24,8,0
CUST00665,Gary Lewis,47,Male,Quarterly,2023-11-09,2025-12-23,23,7,0
CUST00666,Vikram Lee,45,Female,Monthly,2024-10-03,2025-10-06,3,2,1
CUST00667,Catherine Mitchell,32,Female,Monthly,2025-01-06,2025-09-08,1,2,1
CUST00668,Kavita Walker,32,Male,Monthly,2024-09-17,2026-01-09,11,6,0
CUST00669,Daniel Adams,16,Female,Yearly,2023-10-14,2026-01-03,19,7,0
CUST00670,Kimberly Campbell,25,Female,Monthly,2023-06-04,2025-12-14,23,8,0
CUST00671,Benjamin Johnson,16,Female,Quarterly,2024-03-11,2025-12-11,11,6,0
CUST00672,Kimberly Wright,23,Female,Quarterly,2023-11-01,2025-10-05,6,3,1
CUST00673,Meera Roberts,31,Female,Yearly,2023-10-02,2025-12-14,1,8,0
CUST00674,Barbara Sanchez,20,Male,Monthly,2024-05-04,2025-12-07,18,7,0
CUST00675,Debra Hernandez,48,Female,Monthly,2023-11-23,2025-07-10,0,1,1
CUST00676,Gregory Verma,36,Other,Quarterly,2025-09-17,2026-01-13,32,9,0
CUST00677,Mark Carter,36,Female,Monthly,2025-01-26,2025-06-13,2,5,1
CUST00678,Anthony King,23,Female,Monthly,2025-08-19,2026-01-13,21,8,0
CUST00679,Jennifer Adams,45,Male,Quarterly,2025-12-03,2025-12-29,40,7,0
CUST00680,Pooja Mitchell,28,Male,Quarterly,2023-12-23,2025-12-22,17,4,0
CUST00681,George Nguyen,26,Female,Yearly,2025-11-24,2026-01-01,14,6,0
CUST00682,Eric Sanchez,35,Male,Yearly,2025-09-24,2025-12-08,11,8,0
CUST00683,James Allen,34,Female,Monthly,2024-04-16,2025-06-20,3,3,1
CUST00684,Emily Wilson,35,Male,Monthly,2023-08-31,2025-12-20,24,5,0
CUST00685,Vikram Perez,26,Female,Monthly,2025-09-07,2025-12-09,15,5,0
CUST00686,Christopher Adams,24,Female,Monthly,2023-03-30,2025-07-03,2,5,1
CUST00687,Christopher Rodriguez,36,Female,Monthly,2023-10-28,2025-09-26,4,5,1
CUST00688,Ananya Lopez,32,Female,Monthly,2023-02-08,2025-12-28,21,7,0
CUST00689,William Wilson,36,Male,Yearly,2025-09-13,2025-12-20,13,3,0
CUST00690,Scott Martinez,32,Female,Yearly,2024-01-08,2025-12-14,29,8,0
CUST00691,Kimberly Hernandez,44,Female,Monthly,2025-07-17,2026-01-11,27,7,0
CUST00692,Sandra Harris,36,Male,Monthly,2024-02-19,2025-12-14,13,6,0
CUST00693,Debra Clark,40,Female,Quarterly,2023-12-30,2025-12-07,27,7,0
CUST00694,Scott Williams,29,Female,Quarterly,2023-08-29,2025-06-16,4,5,1
CUST00695,Thomas Mehta,18,Female,Yearly,2025-06-02,2025-12-23,0,6,0
CUST00696,Aditya Williams,20,Female,Monthly,2025-09-14,2025-12-22,13,7,0
CUST00697,Brian Nguyen,29,Female,Yearly,2023-07-20,2025-12-30,29,7,0
CUST00698,Kathleen Roberts,37,Male,Yearly,2024-08-03,2025-12-12,22,5,0
CUST00699,Edward Taylor,45,Male,Quarterly,2023-01-15,2026-01-08,17,8,0
CUST00700,Eric Smith,22,Male,Monthly,2024-10-08,2025-11-04,0,5,1
CUST00701,Karen Ramirez,38,Female,Monthly,2025-05-17,2025-12-07,10,5,0
CUST00702,Emily Baker,46,Male,Monthly,2025-09-15,2025-09-24,0,7,1
CUST00703,Kathleen Taylor,24,Other,Quarterly,2025-03-26,2026-01-08,23,6,0
CUST00704,Janet Anderson,40,Male,Quarterly,2023-11-28,2025-07-24,2,3,1
CUST00705,Stephanie Sharma,34,Male,Quarterly,2023-04-17,2025-06-22,0,5,1
CUST00706,James Patel,28,Male,Monthly,2025-06-10,2025-09-25,3,2,1
CUST00707,Mark White,16,Male,Monthly,2025-02-26,2025-12-21,16,10,0
CUST00708,Brandon Adams,42,Female,Quarterly,2023-04-28,2026-01-04,17,6,0
CUST00709,Samantha Young,34,Male,Monthly,2025-11-27,2025-12-07,5,2,1
CUST00710,Shirley King,46,Female,Quarterly,2023-03-15,2026-01-15,23,8,0
CUST00711,Christopher Garcia,38,Other,Quarterly,2024-12-24,2025-12-21,18,8,0
CUST00712,Pamela Gonzalez,40,Female,Quarterly,2023-05-21,2025-12-11,15,6,0
CUST00713,Andrew Campbell,35,Female,Yearly,2024-12-13,2025-12-29,30,5,0
CUST00714,Mark Hill,17,Other,Monthly,2025-04-07,2025-12-30,19,7,0
CUST00715,Daniel Clark,35,Female,Quarterly,2025-10-27,2025-11-02,4,3,1
CUST00716,Anjali Allen,50,Female,Yearly,2024-05-27,2025-12-22,5,6,0
CUST00717,Larry Walker,32,Female,Quarterly,2025-07-28,2025-12-09,4,7,0
CUST00718,Divya Johnson,52,Female,Monthly,2025-02-22,2026-01-01,18,7,0
CUST00719,Frank Hall,20,Male,Monthly,2024-12-24,2025-11-29,2,3,1
CUST00720,Rachel Singh,30,Male,Monthly,2025-03-28,2025-12-25,28,8,0
CUST00721,Elizabeth Scott,21,Female,Monthly,2024-12-25,2025-07-08,4,5,1
CUST00722,Paul Lopez,46,Female,Quarterly,2024-01-25,2026-01-03,30,5,0
CUST00723,Donald Mitchell,25,Male,Monthly,2024-04-14,2025-09-29,0,3,1
CUST00724,Rohan Flores,39,Male,Quarterly,2023-09-03,2025-12-15,25,7,0
CUST00725,Brandon Smith,30,Female,Quarterly,2023-03-28,2025-12-23,19,6,0
CUST00726,Emma Lee,56,Female,Yearly,2024-07-16,2025-12-14,5,7,0
CUST00727,Emily Sanchez,56,Male,Quarterly,2023-04-21,2025-12-19,18,7,0
CUST00728,Kathleen Wright,30,Male,Monthly,2023-12-24,2026-01-08,16,9,0
CUST00729,Rachel King,16,Male,Quarterly,2023-01-25,2025-12-22,30,5,0
CUST00730,Justin Miller,31,Male,Quarterly,2024-06-15,2025-09-25,2,5,1
CUST00731,Donald Moore,16,Male,Quarterly,2025-01-19,2025-08-15,5,7,1
CUST00732,Anthony Clark,19,Female,Monthly,2025-03-31,2025-10-16,4,3,1
CUST00733,Brenda Rodriguez,38,Other,Quarterly,2023-07-24,2025-12-31,18,6,0
CUST00734,Anna Ramirez,39,Female,Monthly,2023-11-03,2026-01-15,32,7,0
CUST00735,Daniel Clark,41,Female,Yearly,2025-11-24,2025-12-26,7,5,0
CUST00736,Priya Young,39,Male,Quarterly,2023-04-08,2026-01-05,29,7,0
CUST00737,Linda Wilson,30,Female,Monthly,2023-07-17,2025-09-07,3,1,1
CUST00738,Kimberly White,40,Male,Quarterly,2024-06-11,2025-12-20,25,6,0
CUST00739,Jessica Thompson,28,Female,Yearly,2024-02-12,2025-12-12,20,6,0
CUST00740,Daniel Roberts,33,Male,Monthly,2025-11-11,2025-12-18,34,6,0
CUST00741,Sanjay Garcia,30,Male,Monthly,2023-10-24,2025-12-06,12,8,0
CUST00742,Vikram Nair,32,Male,Quarterly,2025-04-08,2026-01-11,12,9,0
CUST00743,William Hernandez,49,Male,Monthly,2024-08-19,2025-12-08,13,4,0
CUST00744,Samuel Sanchez,45,Male,Monthly,2025-01-13,2025-12-13,12,8,0
CUST00745,Laura Clark,16,Male,Yearly,2023-09-14,2025-12-30,25,5,0
CUST00746,Janet Hall,42,Female,Monthly,2025-03-24,2025-11-15,4,2,1
CUST00747,Vivek Reddy,29,Male,Monthly,2025-03-24,2026-01-10,23,7,0
CUST00748,Susan Taylor,40,Female,Monthly,2025-03-09,2025-09-29,9,1,1
CUST00749,Jack Jackson,51,Male,Monthly,2025-12-14,2026-01-14,18,5,0
CUST00750,John Nelson,19,Male,Yearly,2025-09-02,2025-12-12,16,8,0
CUST00751,Vivek Moore,32,Female,Monthly,2023-12-29,2025-12-17,30,5,0
CUST00752,Benjamin Mitchell,33,Female,Quarterly,2025-12-08,2025-12-12,7,7,0
CUST00753,Michelle Iyer,43,Male,Quarterly,2023-07-03,2025-12-23,14,3,0
CUST00754,Edward Taylor,36,Male,Monthly,2025-12-07,2026-01-07,21,7,0
CUST00755,Brian Jackson,47,Male,Monthly,2025-10-04,2025-12-16,9,8,0
CUST00756,Joshua Smith,47,Female,Quarterly,2024-04-18,2025-12-11,3,7,0
CUST00757,Melissa Gonzalez,28,Male,Quarterly,2025-03-19,2025-06-19,3,4,1
CUST00758,Deborah Singh,28,Male,Monthly,2025-05-14,2025-12-13,12,7,0
CUST00759,Ruth Patel,22,Female,Yearly,2024-07-10,2025-12-12,9,8,0
CUST00760,Vikram Moore,21,Male,Yearly,2024-01-09,2025-11-03,5,5,1
CUST00761,Samantha Robinson,16,Female,Monthly,2025-10-04,2025-11-27,1,6,1
CUST00762,Karen Brown,23,Other,Monthly,2023-07-29,2025-10-30,2,5,1
CUST00763,Catherine Lewis,42,Female,Monthly,2023-11-05,2025-10-07,3,3,1
CUST00764,Carol Clark,49,Male,Quarterly,2025-01-30,2026-01-13,31,8,0
CUST00765,Kevin Garcia,34,Female,Yearly,2023-04-25,2025-12-21,11,6,0
CUST00766,Elizabeth Wright,39,Male,Monthly,2024-05-27,2026-01-15,21,9,0
CUST00767,Jessica Roberts,41,Female,Monthly,2025-06-26,2025-11-23,0,6,1
CUST00768,Betty Robinson,23,Female,Monthly,2024-03-02,2025-06-10,2,4,1
CUST00769,Michelle Nair,55,Male,Quarterly,2023-03-28,2025-12-11,42,8,0
CUST00770,Eric Davis,31,Male,Quarterly,2024-02-11,2026-01-12,22,8,0
CUST00771,Divya Nelson,30,Male,Monthly,2025-06-08,2025-10-20,9,4,1
CUST00772,Rahul Moore,39,Female,Monthly,2024-05-12,2025-11-21,5,4,1
CUST00773,Justin Sharma,43,Female,Quarterly,2023-11-14,2026-01-10,13,6,0
CUST00774,Ashley Hernandez,21,Female,Quarterly,2024-11-24,2025-12-06,21,8,0
CUST00775,Linda Brown,39,Male,Monthly,2023-08-08,2025-10-03,9,4,1
CUST00776,Kenneth Scott,41,Female,Quarterly,2025-06-17,2026-01-14,9,6,0
CUST00777,Alexander Harris,41,Male,Monthly,2023-03-22,2025-12-18,24,6,0
CUST00778,Anna Jackson,33,Female,Monthly,2024-01-18,2025-12-26,5,6,0
CUST00779,Carolyn Robinson,43,Male,Yearly,2023-11-25,2025-10-23,5,5,1
CUST00780,Laura Jackson,34,Female,Quarterly,2025-07-18,2025-07-27,4,3,1
CUST00781,Timothy Campbell,41,Male,Monthly,2025-01-15,2025-12-31,21,8,0
CUST00782,Dorothy Campbell,28,Male,Yearly,2025-03-04,2025-12-15,0,8,0
CUST00783,Jerry Scott,28,Male,Monthly,2025-04-19,2026-01-08,11,8,0
CUST00784,Richard King,29,Female,Monthly,2023-09-23,2025-11-23,7,5,1
CUST00785,Betty Miller,41,Female,Monthly,2025-03-06,2025-12-13,7,9,0
CUST00786,Emma Hall,36,Female,Monthly,2024-03-28,2026-01-11,15,7,0
CUST00787,Mary Nair,16,Female,Quarterly,2023-06-13,2025-12-06,21,5,0
CUST00788,Linda White,19,Female,Yearly,2025-05-01,2026-01-12,5,8,0
CUST00789,Arjun Flores,27,Male,Monthly,2023-05-25,2026-01-11,30,6,0
CUST00790,Margaret King,16,Male,Quarterly,2025-12-24,2026-01-02,0,6,1
CUST00791,Gregory Thomas,32,Female,Yearly,2025-04-30,2025-12-06,13,7,0
CUST00792,Brenda Thompson,39,Female,Quarterly,2025-05-24,2026-01-05,26,9,0
CUST00793,Rahul Lopez,30,Female,Quarterly,2023-11-20,2025-12-08,7,6,0
CUST00794,Jeffrey Nair,36,Male,Monthly,2024-10-26,2025-12-20,10,5,0
CUST00795,Ruth Green,37,Male,Quarterly,2024-05-07,2026-01-02,17,7,0
CUST00796,Timothy Roberts,25,Female,Quarterly,2025-01-07,2025-12-18,16,5,0
CUST00797,Ronald Smith,43,Female,Yearly,2023-02-03,2025-12-27,26,4,0
CUST00798,James Martin,23,Other,Monthly,2024-10-06,2025-09-22,0,3,1
CUST00799,Suresh Scott,33,Female,Quarterly,2023-11-13,2025-08-06,0,2,1
CUST00800,Amanda Martinez,22,Male,Monthly,2024-05-26,2025-09-16,4,4,1
CUST00801,Barbara Torres,26,Male,Yearly,2023-06-08,2025-12-16,19,6,0
CUST00802,Daniel Young,31,Female,Quarterly,2023-07-15,2025-12-27,31,9,0
CUST00803,John Campbell,19,Female,Monthly,2023-04-25,2025-12-25,24,8,0
CUST00804,Brian Reddy,21,Female,Monthly,2023-09-04,2026-01-01,24,9,0
CUST00805,Janet Adams,21,Female,Yearly,2025-02-22,2025-07-20,1,6,1
CUST00806,Jennifer Lee,36,Female,Monthly,2025-10-25,2026-01-06,22,7,0
CUST00807,Michael Baker,38,Female,Monthly,2025-07-01,2025-12-10,7,8,0
CUST00808,Nicholas Garcia,46,Male,Monthly,2025-03-18,2025-09-06,3,4,1
CUST00809,William Walker,17,Female,Monthly,2025-03-28,2025-08-21,5,5,1
CUST00810,Nicholas Ramirez,33,Female,Monthly,2023-10-04,2026-01-03,26,6,0
CUST00811,Gary Sanchez,40,Female,Monthly,2025-12-09,2025-12-14,0,4,1
CUST00812,Maria Ramirez,32,Male,Yearly,2023-07-03,2025-08-18,4,3,1
CUST00813,Jason White,32,Male,Monthly,2023-02-19,2026-01-05,24,6,0
CUST00814,Brian Flores,16,Female,Yearly,2023-10-26,2026-01-01,31,9,0
CUST00815,Betty Baker,19,Male,Quarterly,2023-06-25,2025-11-18,6,3,1
CUST00816,Ashley Flores,36,Female,Yearly,2024-08-12,2025-11-03,4,3,1
CUST00817,Michelle Lewis,25,Male,Monthly,2024-03-09,2025-07-21,1,2,1
CUST00818,Dennis Taylor,24,Female,Quarterly,2023-10-17,2026-01-14,17,6,0
CUST00819,Timothy Nguyen,41,Female,Quarterly,2024-06-07,2025-09-20,8,3,1
CUST00820,Betty Sharma,36,Female,Monthly,2025-08-10,2026-01-15,21,8,0
CUST00821,David Harris,34,Female,Quarterly,2025-01-07,2026-01-14,23,8,0
CUST00822,Donna Verma,20,Female,Monthly,2025-02-18,2025-11-06,6,5,1
CUST00823,Amit Lee,25,Female,Quarterly,2023-06-30,2025-07-26,4,5,1
CUST00824,Ryan Scott,31,Female,Monthly,2024-05-21,2025-12-27,26,10,0
CUST00825,Kevin Young,25,Male,Monthly,2024-12-11,2025-12-24,6,7,0
CUST00826,Benjamin Martin,41,Male,Yearly,2025-10-23,2026-01-12,16,9,0
CUST00827,Benjamin Taylor,19,Female,Yearly,2023-03-02,2025-12-29,23,6,0
CUST00828,Mark Martinez,52,Male,Monthly,2023-10-09,2025-08-26,9,2,1
CUST00829,Eric Baker,27,Female,Quarterly,2024-04-10,2025-12-10,24,6,0
CUST00830,Karen Ramirez,33,Other,Yearly,2024-11-05,2026-01-07,18,4,0
CUST00831,Anthony Adams,33,Male,Quarterly,2024-02-19,2025-12-27,12,6,0
CUST00832,Alexander Rivera,49,Female,Yearly,2025-05-30,2026-01-06,7,8,0
CUST00833,Katherine Nair,30,Female,Monthly,2023-05-19,2026-01-08,15,8,0
CUST00834,Lisa Lee,37,Female,Monthly,2023-03-02,2025-12-20,22,8,0
CUST00835,Edward Martin,30,Male,Yearly,2024-07-14,2026-01-03,13,5,0
CUST00836,Susan Rodriguez,24,Male,Quarterly,2024-06-30,2025-12-07,41,9,0
CUST00837,Sandra Hill,19,Male,Quarterly,2025-01-05,2025-08-01,0,5,1
CUST00838,Sarah Allen,40,Female,Monthly,2025-02-04,2025-08-24,5,3,1
CUST00839,Gary Walker,32,Male,Monthly,2023-03-08,2025-11-28,4,4,1
CUST00840,Ananya Moore,16,Female,Monthly,2024-02-20,2026-01-11,16,6,0
CUST00841,Daniel Nair,35,Female,Monthly,2025-09-30,2025-12-17,41,7,0
CUST00842,Sanjay Thomas,30,Male,Quarterly,2025-02-18,2025-12-21,25,8,0
CUST00843,Brandon Mitchell,38,Female,Quarterly,2023-03-20,2025-12-18,22,10,0
CUST00844,Ryan Gupta,21,Female,Yearly,2024-05-18,2025-12-21,21,5,0
CUST00845,Jack Williams,40,Female,Quarterly,2023-04-11,2025-08-11,1,3,1
CUST00846,Ronald Reddy,30,Male,Yearly,2025-08-02,2025-12-28,25,8,0
CUST00847,Brandon Iyer,20,Male,Quarterly,2023-10-19,2025-12-18,18,6,0
CUST00848,Barbara Campbell,20,Female,Monthly,2023-10-05,2025-09-10,3,3,1
CUST00849,Laura Johnson,60,Male,Quarterly,2024-02-18,2026-01-10,21,5,0
CUST00850,Steven Lee,27,Female,Yearly,2023-12-02,2026-01-08,26,10,0
CUST00851,Barbara Davis,16,Female,Quarterly,2023-06-24,2025-12-22,2,10,0
CUST00852,Carolyn Sharma,38,Other,Quarterly,2023-11-24,2025-12-22,11,8,0
CUST00853,Jennifer Roberts,16,Male,Monthly,2023-11-04,2025-10-25,4,4,1
CUST00854,Daniel Roberts,44,Female,Monthly,2024-09-25,2025-12-18,9,7,0
CUST00855,Andrew Green,23,Male,Yearly,2024-02-20,2025-09-28,4,2,1
CUST00856,Mary Robinson,29,Female,Monthly,2023-01-12,2025-12-15,10,8,0
CUST00857,Donald Wilson,43,Female,Monthly,2025-04-19,2025-07-01,3,4,1
CUST00858,Scott Smith,18,Male,Quarterly,2024-03-01,2025-10-25,3,4,1
CUST00859,Linda Adams,62,Male,Monthly,2023-03-08,2025-12-08,9,9,0
CUST00860,Joshua Perez,44,Female,Monthly,2025-05-03,2026-01-05,20,9,0
CUST00861,Frank Jackson,38,Female,Quarterly,2023-12-30,2025-12-09,21,7,0
CUST00862,George Nair,47,Male,Quarterly,2024-10-23,2025-12-22,26,6,0
CUST00863,Neha Jones,19,Female,Yearly,2023-05-13,2026-01-07,16,6,0
CUST00864,Jessica Hall,33,Female,Monthly,2025-04-27,2026-01-02,27,6,0
CUST00865,Brandon Brown,33,Male,Quarterly,2025-12-19,2025-12-29,18,8,0
CUST00866,Vivek Sharma,16,Other,Monthly,2024-10-10,2025-07-07,2,4,1
CUST00867,Emma Thompson,47,Female,Quarterly,2025-10-13,2025-12-06,14,4,0
CUST00868,Amy Young,40,Female,Yearly,2024-04-21,2026-01-03,12,5,0
CUST00869,James Davis,27,Male,Quarterly,2023-08-30,2026-01-02,16,6,0
CUST00870,Anjali Flores,16,Other,Monthly,2024-11-14,2025-06-21,6,6,1
CUST00871,Margaret Smith,41,Female,Quarterly,2024-06-05,2025-12-27,8,6,0
CUST00872,Joshua Allen,33,Female,Quarterly,2023-08-22,2025-12-25,22,8,0
CUST00873,Ronald Campbell,25,Female,Yearly,2023-12-26,2025-09-06,4,5,1
CUST00874,Ananya Baker,50,Male,Monthly,2023-03-14,2025-12-16,23,8,0
CUST00875,Karen Green,34,Male,Yearly,2024-11-17,2025-12-20,29,7,0
CUST00876,Ananya Mitchell,24,Male,Quarterly,2024-10-08,2026-01-14,29,8,0
CUST00877,Anthony Torres,29,Female,Quarterly,2024-12-25,2025-10-24,2,4,1
CUST00878,Emily Singh,39,Male,Yearly,2025-12-30,2026-01-09,19,7,0
CUST00879,Deborah Lopez,52,Female,Yearly,2024-09-23,2025-12-26,26,7,0
CUST00880,Raymond Williams,44,Male,Monthly,2024-05-01,2025-09-15,0,4,1
CUST00881,Margaret King,53,Male,Monthly,2023-03-18,2026-01-10,16,6,0
CUST00882,Jeffrey Allen,26,Male,Monthly,2025-10-21,2025-10-29,0,2,1
CUST00883,Carolyn Verma,29,Female,Quarterly,2023-10-21,2026-01-09,6,7,0
CUST00884,Arjun King,43,Female,Monthly,2023-03-16,2025-12-13,10,9,0
CUST00885,Joseph Smith,39,Male,Monthly,2023-06-28,2025-11-20,7,3,1
CUST00886,Susan King,43,Female,Quarterly,2023-02-16,2025-12-27,9,8,0
CUST00887,Samantha Mehta,35,Male,Monthly,2024-08-09,2025-09-11,5,2,1
CUST00888,Jerry Lewis,24,Female,Monthly,2023-11-19,2025-11-28,5,2,1
CUST00889,Emma Scott,39,Female,Monthly,2024-12-18,2025-12-29,7,8,0
CUST00890,Charles Rivera,20,Female,Quarterly,2023-12-17,2025-06-28,5,5,1
CUST00891,Meera Perez,26,Female,Monthly,2023-03-01,2026-01-12,22,7,0
CUST00892,Susan Harris,28,Male,Monthly,2024-01-02,2025-12-09,9,4,0
CUST00893,Benjamin Singh,37,Female,Monthly,2024-12-29,2025-10-12,0,4,1
CUST00894,Catherine Carter,31,Female,Quarterly,2025-08-11,2026-01-10,23,6,0
CUST00895,Neha Patel,30,Female,Monthly,2025-07-22,2025-07-30,6,4,1
CUST00896,Jacob Anderson,37,Female,Monthly,2024-06-12,2025-12-21,21,4,0
CUST00897,Lisa Hall,42,Female,Monthly,2024-10-27,2026-01-14,22,5,0
CUST00898,David Walker,31,Male,Monthly,2023-12-16,2025-09-03,3,3,1
CUST00899,Nicole Torres,37,Male,Monthly,2023-08-08,2025-06-18,8,6,1
CUST00900,Elizabeth Sharma,19,Male,Monthly,2025-04-26,2025-09-30,5,6,1
CUST00901,Stephen Hernandez,38,Other,Monthly,2024-11-28,2025-07-03,7,7,1
CUST00902,Sharon Sharma,45,Other,Quarterly,2024-12-01,2025-12-31,19,8,0
CUST00903,Daniel Nelson,35,Female,Quarterly,2025-09-23,2025-10-01,4,3,1
CUST00904,Dorothy Scott,51,Male,Monthly,2024-09-22,2026-01-11,11,9,0
CUST00905,Scott Miller,39,Female,Quarterly,2025-02-15,2026-01-12,6,7,0
CUST00906,Barbara Wilson,16,Female,Yearly,2023-01-01,2026-01-06,23,8,0
CUST00907,Laura Wright,27,Male,Quarterly,2025-07-04,2025-07-10,4,7,1
CUST00908,Joshua Torres,28,Female,Quarterly,2025-06-09,2025-12-24,9,9,0
CUST00909,Barbara Nguyen,55,Male,Yearly,2025-04-07,2025-12-28,18,8,0
CUST00910,Linda White,48,Female,Yearly,2023-01-02,2025-12-24,12,6,0
CUST00911,Joseph Verma,47,Male,Monthly,2025-06-03,2025-12-21,31,8,0
CUST00912,Benjamin Lee,24,Female,Monthly,2025-06-10,2025-06-15,9,3,1
CUST00913,Daniel Walker,30,Male,Quarterly,2025-01-07,2026-01-06,20,9,0
CUST00914,Andrew Verma,43,Female,Monthly,2023-05-27,2026-01-06,21,7,0
CUST00915,Patrick Reddy,34,Female,Monthly,2023-10-06,2025-06-20,5,1,1
CUST00916,Vikram Clark,30,Female,Yearly,2025-05-21,2025-12-17,19,5,0
CUST00917,Shirley Ramirez,38,Female,Monthly,2024-12-28,2025-08-15,3,7,1
CUST00918,Nicole Smith,51,Female,Yearly,2024-04-29,2025-12-29,14,7,0
CUST00919,Edward Nair,33,Female,Monthly,2023-03-19,2025-12-23,14,7,0
CUST00920,Joseph Nguyen,25,Female,Quarterly,2023-10-18,2025-12-13,8,8,0
CUST00921,Karan Carter,40,Female,Monthly,2023-06-10,2025-12-07,11,8,0
CUST00922,Barbara Thomas,27,Male,Quarterly,2023-06-09,2025-12-12,20,8,0
CUST00923,Anjali Nguyen,33,Male,Monthly,2024-12-04,2026-01-15,21,6,0
CUST00924,Jacob Robinson,31,Female,Monthly,2024-11-09,2025-09-17,3,2,1
CUST00925,Donna Hernandez,32,Male,Yearly,2024-09-14,2025-12-10,5,6,0
CUST00926,Kimberly Brown,30,Female,Quarterly,2023-04-16,2025-12-28,15,6,0
CUST00927,Vikram Mitchell,33,Female,Monthly,2023-06-18,2025-11-12,5,5,1
CUST00928,Sneha Sharma,26,Male,Monthly,2024-07-29,2025-09-27,0,2,1
CUST00929,Mary Mitchell,28,Male,Monthly,2023-11-06,2025-12-23,15,6,0
CUST00930,Vikram Lopez,19,Male,Quarterly,2025-09-20,2025-09-21,2,4,1
CUST00931,Carol Garcia,40,Other,Quarterly,2023-11-12,2025-12-20,13,6,0
CUST00932,Jerry Harris,23,Male,Monthly,2023-12-09,2025-09-04,3,2,1
CUST00933,Michael Adams,40,Male,Yearly,2023-04-18,2025-12-21,3,6,0
CUST00934,Jacob Martin,37,Male,Yearly,2025-12-26,2026-01-03,19,10,0
CUST00935,Kimberly Martinez,37,Female,Monthly,2024-08-14,2025-12-18,9,7,0
CUST00936,Timothy Baker,16,Male,Quarterly,2023-03-26,2025-07-18,3,2,1
CUST00937,Samantha Thompson,44,Female,Monthly,2024-07-12,2025-09-24,2,3,1
CUST00938,Anjali Miller,27,Male,Quarterly,2025-08-02,2025-12-31,31,6,0
CUST00939,Carolyn Baker,54,Female,Monthly,2024-11-22,2026-01-04,24,8,0
CUST00940,Kenneth Scott,38,Male,Monthly,2023-05-20,2025-11-06,5,1,1
CUST00941,Angela Miller,30,Female,Monthly,2024-08-03,2025-11-23,6,4,1
CUST00942,Patricia Flores,18,Male,Yearly,2024-03-20,2025-12-06,17,9,0
CUST00943,Jessica Rivera,47,Female,Monthly,2023-09-24,2025-06-19,3,5,1
CUST00944,Larry Patel,29,Other,Yearly,2024-01-13,2025-12-17,4,5,0
CUST00945,Gregory Nair,51,Male,Monthly,2024-07-20,2025-12-26,15,6,0
CUST00946,Steven Hernandez,30,Female,Monthly,2023-05-08,2025-09-07,9,7,1
CUST00947,Linda Taylor,58,Female,Monthly,2025-06-21,2025-10-11,3,4,1
CUST00948,Brandon Sanchez,17,Male,Monthly,2023-10-22,2025-08-13,8,2,1
CUST00949,Margaret Flores,36,Female,Yearly,2024-06-14,2025-11-13,0,3,1
CUST00950,Elizabeth Torres,24,Female,Quarterly,2023-02-08,2026-01-06,13,6,0
CUST00951,Katherine Green,27,Male,Monthly,2025-03-10,2025-09-08,6,2,1
CUST00952,Amit Sanchez,36,Female,Quarterly,2025-10-01,2025-12-21,27,6,0
CUST00953,Sneha Campbell,26,Female,Quarterly,2024-04-07,2025-07-31,3,6,1
CUST00954,Jessica Torres,36,Female,Yearly,2024-11-13,2025-12-21,13,8,0
CUST00955,Linda Green,21,Other,Quarterly,2025-01-18,2025-12-25,23,7,0
CUST00956,William Singh,30,Male,Quarterly,2024-02-20,2025-11-21,1,2,1
CUST00957,Deborah Nelson,39,Male,Quarterly,2023-08-07,2025-12-24,27,6,0
CUST00958,Gary Garcia,39,Female,Monthly,2024-01-24,2025-10-13,0,3,1
CUST00959,Patricia Campbell,33,Other,Monthly,2025-03-07,2025-07-16,1,2,1
CUST00960,Samuel Martin,26,Female,Yearly,2025-07-09,2026-01-14,20,7,0
CUST00961,John Perez,16,Male,Quarterly,2023-03-29,2026-01-02,1,6,0
CUST00962,Vikram Adams,39,Female,Monthly,2023-11-02,2026-01-01,0,6,0
CUST00963,Ananya Jones,28,Male,Monthly,2023-02-09,2025-12-07,29,6,0
CUST00964,Jennifer Thomas,38,Female,Monthly,2023-12-19,2025-12-27,19,4,0
CUST00965,Arjun Sharma,42,Male,Quarterly,2023-05-11,2026-01-09,19,8,0
CUST00966,Joseph Young,75,Female,Quarterly,2023-05-10,2025-12-19,1,9,0
CUST00967,Carol Patel,30,Female,Quarterly,2025-04-03,2025-12-10,20,7,0
CUST00968,Helen Rodriguez,29,Male,Yearly,2024-03-12,2025-12-09,13,7,0
CUST00969,Daniel Perez,17,Male,Monthly,2025-04-30,2025-08-29,6,3,1
CUST00970,Stephen Hernandez,21,Male,Yearly,2023-03-25,2025-06-23,2,6,1
CUST00971,Brandon Harris,28,Female,Monthly,2025-09-24,2025-11-30,5,2,1
CUST00972,Daniel Nair,42,Male,Quarterly,2024-08-04,2025-12-16,23,10,0
CUST00973,Alexander Rodriguez,32,Male,Quarterly,2025-12-07,2025-12-31,23,7,0
CUST00974,Daniel Flores,48,Female,Quarterly,2025-10-20,2026-01-10,12,8,0
CUST00975,Benjamin Gupta,31,Female,Monthly,2023-01-10,2026-01-03,17,7,0
CUST00976,Jessica King,36,Other,Quarterly,2025-11-05,2025-11-09,3,4,1
CUST00977,Emily Brown,51,Male,Quarterly,2025-08-29,2026-01-05,25,8,0
CUST00978,Christine Nair,28,Male,Quarterly,2024-08-06,2025-09-28,1,5,1
CUST00979,Kevin Flores,43,Female,Quarterly,2023-03-30,2025-11-18,8,3,1
CUST00980,Ananya Wright,31,Male,Quarterly,2025-09-20,2026-01-11,4,6,0
CUST00981,Meera Thomas,44,Female,Quarterly,2024-10-29,2025-12-26,14,8,0
CUST00982,Sandra Roberts,31,Male,Monthly,2024-04-30,2026-01-03,20,5,0
CUST00983,Timothy Mehta,34,Male,Monthly,2025-09-19,2025-09-22,0,3,1
CUST00984,Margaret Nair,16,Female,Monthly,2025-02-03,2025-10-13,7,5,1
CUST00985,Benjamin Thompson,39,Other,Monthly,2023-09-18,2025-07-09,8,2,1
CUST00986,Linda Moore,53,Male,Yearly,2025-07-28,2025-12-25,25,6,0
CUST00987,Mark Reddy,46,Male,Monthly,2023-12-15,2025-12-11,9,6,0
CUST00988,Karan Anderson,27,Male,Yearly,2025-09-28,2026-01-02,13,5,0
CUST00989,Pamela Walker,47,Female,Monthly,2025-05-26,2025-12-31,15,7,0
CUST00990,Ashley Lee,27,Male,Monthly,2023-11-02,2026-01-15,3,7,0
CUST00991,Rebecca Williams,16,Male,Monthly,2025-10-29,2025-11-05,3,1,1
CUST00992,Kathleen Patel,55,Female,Yearly,2025-07-15,2026-01-10,25,7,0
CUST00993,Anna Carter,47,Male,Quarterly,2024-03-22,2025-09-17,1,5,1
CUST00994,Donald Adams,36,Other,Monthly,2024-09-16,2025-08-06,4,6,1
CUST00995,Karan Torres,42,Female,Monthly,2025-07-20,2026-01-07,20,4,0
CUST00996,Aditya Rivera,23,Male,Quarterly,2025-01-28,2025-12-06,17,7,0
CUST00997,James Verma,21,Female,Monthly,2024-11-12,2025-09-17,11,6,1
CUST00998,Jason Carter,40,Male,Yearly,2024-02-29,2026-01-10,18,6,0
CUST00999,Emma Reddy,23,Male,Yearly,2025-11-20,2025-12-23,18,7,0
CUST01000,Sanjay Brown,20,Male,Monthly,2023-03-25,2025-10-18,5,3,1
CUST01001,Samuel Scott,16,Female,Quarterly,2024-02-24,2025-09-07,1,3,1
CUST01002,Donald Wright,54,Male,Monthly,2024-03-05,2026-01-01,22,5,0
CUST01003,Dorothy Thompson,39,Female,Quarterly,2025-05-16,2025-11-15,0,6,1
CUST01004,Melissa Thompson,28,Male,Quarterly,2023-09-09,2025-12-12,17,9,0
CUST01005,Frank Gupta,19,Female,Monthly,2025-01-23,2026-01-11,6,6,0
CUST01006,Matthew Mehta,45,Female,Monthly,2025-03-11,2025-12-28,5,3,0
CUST01007,Elizabeth Miller,29,Male,Monthly,2023-10-31,2026-01-02,22,9,0
CUST01008,Eric Green,28,Male,Monthly,2023-09-28,2025-12-20,14,9,0
CUST01009,Jeffrey Mitchell,16,Female,Monthly,2023-05-09,2025-10-03,2,4,1
CUST01010,Pooja King,38,Female,Monthly,2024-12-03,2025-12-26,13,7,0
CUST01011,Gary Nguyen,16,Female,Quarterly,2025-06-30,2025-12-10,12,7,0
CUST01012,Thomas Mehta,23,Female,Monthly,2024-06-16,2025-08-28,4,5,1
CUST01013,Andrew Roberts,30,Female,Monthly,2024-08-05,2026-01-05,19,5,0
CUST01014,Emma Nair,31,Male,Quarterly,2024-01-09,2026-01-06,22,7,0
CUST01015,Christopher Thomas,27,Male,Yearly,2023-09-17,2025-12-23,19,8,0
CUST01016,Lisa Wilson,16,Female,Monthly,2024-10-11,2026-01-06,27,6,0
CUST01017,Melissa Lewis,38,Female,Monthly,2024-09-09,2025-11-25,7,1,1
CUST01018,Stephanie Nair,26,Female,Monthly,2025-07-27,2026-01-06,15,6,0
CUST01019,James Mitchell,53,Female,Quarterly,2024-08-28,2025-12-28,11,6,0
CUST01020,Dennis Torres,36,Female,Quarterly,2025-06-24,2026-01-08,8,6,0
CUST01021,Carolyn Walker,37,Female,Monthly,2023-08-28,2025-08-21,3,4,1
CUST01022,Emma Singh,28,Male,Monthly,2024-10-30,2025-06-20,0,4,1
CUST01023,Matthew Nguyen,53,Female,Quarterly,2024-07-23,2025-11-10,4,4,1
CUST01024,Jonathan Kumar,41,Male,Quarterly,2023-06-28,2025-12-21,7,9,0
CUST01025,Matthew Young,36,Male,Quarterly,2023-04-25,2025-12-23,31,6,0
CUST01026,Ronald Martinez,53,Female,Monthly,2025-03-01,2025-09-20,6,5,1
CUST01027,Brian Thompson,36,Male,Monthly,2023-06-29,2025-08-10,3,6,1
CUST01028,Jack Clark,35,Female,Monthly,2025-05-18,2025-12-20,2,5,0
CUST01029,Sarah Singh,31,Female,Monthly,2024-03-01,2025-07-20,4,4,1
CUST01030,Kevin Jones,47,Female,Quarterly,2025-02-08,2025-08-19,0,4,1
CUST01031,Samantha Iyer,16,Male,Monthly,2025-08-04,2026-01-07,24,7,0
CUST01032,Betty Lopez,38,Female,Monthly,2025-10-01,2025-10-11,1,6,1
CUST01033,Joshua Young,45,Female,Monthly,2023-02-24,2026-01-06,22,7,0
CUST01034,Kimberly Martin,40,Female,Yearly,2025-08-25,2025-08-30,1,5,1
CUST01035,Rebecca Lopez,52,Female,Quarterly,2024-05-16,2025-09-22,7,2,1
CUST01036,Amy Jones,37,Female,Monthly,2025-09-11,2025-12-30,7,8,0
CUST01037,Benjamin Baker,38,Male,Quarterly,2023-09-02,2025-12-10,3,5,0
CUST01038,Robert Kumar,30,Male,Quarterly,2023-10-27,2026-01-07,15,5,0
CUST01039,Amanda Hernandez,38,Male,Monthly,2024-12-30,2025-09-18,4,3,1
CUST01040,Angela Green,25,Female,Quarterly,2024-01-11,2025-12-08,26,9,0
CUST01041,Dennis Hernandez,28,Female,Yearly,2024-09-08,2025-12-23,13,8,0
CUST01042,Richard Wright,30,Female,Yearly,2023-01-27,2025-09-20,3,5,1
CUST01043,Melissa Roberts,16,Female,Monthly,2023-11-30,2025-10-23,7,4,1
CUST01044,Nicholas Anderson,29,Female,Quarterly,2025-12-12,2025-12-14,17,7,0
CUST01045,Rebecca Robinson,16,Female,Monthly,2023-09-26,2025-12-16,29,7,0
CUST01046,Brian Martin,38,Female,Monthly,2025-06-24,2025-12-08,25,5,0
CUST01047,Eric Carter,39,Other,Monthly,2024-09-15,2025-11-01,3,5,1
CUST01048,Mark Rodriguez,16,Female,Monthly,2024-04-09,2025-10-09,3,3,1
CUST01049,Thomas Garcia,38,Male,Quarterly,2023-08-17,2025-07-31,5,2,1
CUST01050,Dennis Ramirez,26,Male,Monthly,2025-11-17,2025-12-16,17,5,0
CUST01051,Jessica Iyer,43,Male,Monthly,2023-01-22,2026-01-08,15,2,0
CUST01052,Suresh Hill,29,Male,Yearly,2024-01-14,2026-01-14,9,4,0
CUST01053,Barbara Martinez,20,Female,Yearly,2024-12-13,2025-12-14,18,9,0
CUST01054,Maria Campbell,37,Female,Quarterly,2023-05-20,2025-07-06,2,5,1
CUST01055,Ruth Smith,28,Female,Quarterly,2024-07-31,2025-07-17,1,2,1
CUST01056,James Campbell,16,Male,Monthly,2025-10-29,2025-12-16,14,7,0
CUST01057,George Hall,32,Female,Monthly,2023-08-08,2025-09-02,2,2,1
CUST01058,Timothy Ramirez,40,Male,Monthly,2023-08-20,2025-12-26,7,8,0
CUST01059,Jessica Robinson,22,Male,Monthly,2025-01-09,2025-12-11,11,5,0
CUST01060,Patrick Williams,28,Male,Monthly,2025-02-27,2025-07-01,6,5,1
CUST01061,Jack Martin,44,Female,Yearly,2024-04-07,2025-12-28,22,5,0
CUST01062,Karan Ramirez,30,Male,Monthly,2025-09-01,2025-12-23,11,9,0
CUST01063,Daniel Smith,20,Other,Monthly,2023-08-04,2025-07-21,6,5,1
CUST01064,Gregory Baker,54,Male,Monthly,2025-03-31,2026-01-09,14,8,0
CUST01065,Jack Nair,59,Female,Monthly,2025-01-14,2025-12-25,13,4,0
CUST01066,Betty Hill,16,Female,Monthly,2024-04-21,2025-12-15,23,4,0
CUST01067,Emily Carter,29,Female,Quarterly,2024-07-13,2025-12-21,21,7,0
CUST01068,Amanda Walker,38,Female,Yearly,2025-09-19,2026-01-06,19,9,0
CUST01069,Jerry Robinson,23,Male,Monthly,2025-10-15,2025-10-28,1,2,1
CUST01070,Patricia Miller,43,Female,Yearly,2025-10-17,2026-01-04,25,7,0
CUST01071,Timothy Hill,47,Female,Monthly,2023-07-17,2025-12-13,8,9,0
CUST01072,Jerry Young,50,Female,Monthly,2025-10-16,2025-12-30,23,9,0
CUST01073,Helen Perez,16,Female,Quarterly,2023-02-06,2026-01-13,13,6,0
CUST01074,Sharon Reddy,41,Female,Monthly,2024-10-06,2025-12-18,9,8,0
CUST01075,Ryan Williams,49,Male,Quarterly,2024-09-12,2026-01-05,23,7,0
CUST01076,Gary Ramirez,23,Male,Quarterly,2025-09-25,2025-12-10,11,9,0
CUST01077,Frank Young,42,Female,Quarterly,2025-08-20,2026-01-05,17,6,0
CUST01078,Nicholas Brown,16,Male,Monthly,2025-02-12,2025-12-24,9,10,0
CUST01079,Jerry Jackson,19,Male,Monthly,2023-04-03,2025-08-30,4,6,1
CUST01080,Brian Patel,20,Female,Monthly,2024-11-29,2025-08-14,4,5,1
CUST01081,Brian Thompson,34,Male,Monthly,2024-05-15,2025-06-19,12,1,1
CUST01082,Michelle Nguyen,45,Male,Quarterly,2024-09-16,2025-10-19,3,5,1
CUST01083,Robert Wright,38,Male,Monthly,2025-05-15,2025-12-20,12,7,0
CUST01084,Paul Johnson,16,Female,Quarterly,2024-10-10,2025-08-24,5,4,1
CUST01085,Dorothy Torres,41,Male,Monthly,2024-02-26,2025-07-26,7,4,1
CUST01086,Vikram Carter,35,Female,Monthly,2024-09-05,2025-08-12,1,2,1
CUST01087,Betty Young,47,Female,Yearly,2023-06-04,2025-12-12,29,6,0
CUST01088,Margaret Jackson,34,Male,Monthly,2025-04-03,2025-12-07,10,9,0
CUST01089,Janet Garcia,41,Female,Quarterly,2024-11-20,2025-07-09,9,2,1
CUST01090,Anjali King,29,Male,Monthly,2023-06-07,2025-12-27,19,8,0
CUST01091,Nicholas Patel,31,Male,Quarterly,2024-10-03,2025-08-21,1,5,1
CUST01092,Steven Flores,41,Female,Quarterly,2024-01-05,2025-12-06,10,9,0
CUST01093,Raymond King,46,Female,Quarterly,2024-03-12,2025-12-17,19,7,0
CUST01094,Paul Nair,40,Female,Yearly,2025-06-07,2025-12-06,11,7,0
CUST01095,Linda King,16,Male,Monthly,2024-05-07,2025-06-09,6,1,1
CUST01096,Ruth Martin,50,Female,Monthly,2023-05-12,2025-12-20,15,6,0
CUST01097,Paul Gupta,27,Male,Monthly,2024-04-28,2025-11-02,3,6,1
CUST01098,Karen Gonzalez,16,Male,Quarterly,2024-09-27,2025-12-11,28,7,0
CUST01099,Sharon Ramirez,20,Female,Monthly,2023-11-23,2025-11-24,0,7,1
CUST01100,Kimberly Sharma,23,Female,Quarterly,2023-12-27,2026-01-13,8,9,0
CUST01101,Patrick Young,37,Female,Monthly,2023-06-21,2025-09-16,1,4,1
CUST01102,Divya Jones,22,Female,Monthly,2025-01-14,2026-01-10,26,8,0
CUST01103,Ronald Singh,39,Female,Monthly,2023-08-18,2025-12-14,20,9,0
CUST01104,Vivek Davis,33,Female,Yearly,2025-12-11,2026-01-10,8,7,0
CUST01105,Donald Hill,56,Male,Yearly,2024-11-05,2025-12-22,9,6,0
CUST01106,Vikram Mitchell,38,Female,Yearly,2024-03-22,2025-10-18,3,2,1
CUST01107,Margaret Moore,46,Male,Monthly,2023-04-25,2025-12-23,36,7,0
CUST01108,Rachel Davis,24,Male,Monthly,2024-05-19,2026-01-06,5,7,0
CUST01109,George Walker,46,Female,Yearly,2023-02-13,2025-12-08,21,7,0
CUST01110,John Singh,27,Female,Quarterly,2023-04-22,2025-12-31,9,8,0
CUST01111,Steven Scott,44,Male,Quarterly,2025-01-13,2026-01-08,5,9,0
CUST01112,Jonathan Verma,40,Male,Monthly,2023-01-17,2025-12-21,29,5,0
CUST01113,Ananya Iyer,18,Male,Monthly,2024-04-27,2025-10-21,3,5,1
CUST01114,Suresh Lewis,53,Female,Yearly,2025-04-12,2025-12-29,23,6,0
CUST01115,Divya Garcia,22,Female,Yearly,2025-08-22,2025-12-25,27,5,0
CUST01116,Catherine Ramirez,51,Female,Yearly,2023-11-25,2025-12-14,15,9,0
CUST01117,David Thompson,41,Male,Quarterly,2024-10-31,2026-01-14,16,6,0
CUST01118,Ruth Brown,30,Female,Monthly,2025-06-27,2026-01-07,21,7,0
CUST01119,James Sanchez,27,Male,Monthly,2023-06-18,2025-09-29,3,4,1
CUST01120,Eric Rivera,16,Other,Yearly,2023-09-24,2025-12-20,21,5,0
CUST01121,Rahul Lee,21,Male,Yearly,2023-10-01,2025-12-09,4,4,0
CUST01122,Arjun Lee,19,Female,Monthly,2025-04-28,2025-08-23,1,7,1
CUST01123,Kavita Harris,28,Female,Yearly,2024-04-04,2025-11-26,4,4,1
CUST01124,Ananya Scott,35,Female,Quarterly,2023-07-02,2026-01-03,17,5,0
CUST01125,Kimberly Hall,49,Female,Monthly,2025-05-28,2026-01-06,32,4,0
CUST01126,Barbara White,22,Male,Quarterly,2023-01-29,2025-12-19,15,5,0
CUST01127,Jerry Iyer,39,Female,Yearly,2025-10-09,2025-10-10,1,8,1
CUST01128,Matthew Verma,47,Female,Monthly,2025-10-09,2025-10-13,4,6,1
CUST01129,Scott Wilson,46,Other,Monthly,2024-01-23,2025-08-19,2,2,1
CUST01130,Rahul Martinez,34,Male,Yearly,2024-04-27,2025-12-31,24,7,0
CUST01131,Melissa Nguyen,16,Female,Monthly,2023-01-22,2025-09-10,1,4,1
CUST01132,Alexander Sanchez,33,Female,Quarterly,2025-05-16,2025-12-30,33,5,0
CUST01133,Elizabeth Miller,39,Female,Monthly,2024-04-25,2025-12-24,29,10,0
CUST01134,Nicole Nelson,29,Other,Quarterly,2023-04-04,2025-07-25,5,5,1
CUST01135,Emma Harris,36,Male,Monthly,2025-01-29,2025-07-11,3,4,1
CUST01136,Jennifer Nguyen,16,Male,Monthly,2025-10-06,2025-12-17,23,7,0
CUST01137,Thomas Garcia,31,Male,Quarterly,2023-10-18,2025-09-12,10,2,1
CUST01138,Jennifer Rodriguez,29,Female,Yearly,2024-07-29,2025-12-19,33,6,0
CUST01139,Andrew Mehta,27,Female,Quarterly,2024-06-24,2025-12-19,16,8,0
CUST01140,Meera Hernandez,36,Male,Yearly,2023-11-06,2025-12-06,7,6,0
CUST01141,Anjali Lewis,27,Male,Monthly,2024-04-15,2025-08-03,3,4,1
CUST01142,Kimberly Hernandez,38,Female,Monthly,2025-10-10,2025-10-19,0,6,1
CUST01143,Gary Robinson,36,Female,Yearly,2023-10-31,2025-11-08,8,4,1
CUST01144,Anthony Verma,46,Male,Yearly,2025-11-07,2025-12-10,21,9,0
CUST01145,Meera Nelson,39,Female,Quarterly,2023-01-09,2025-12-10,17,10,0
CUST01146,Lisa Clark,43,Female,Monthly,2025-10-17,2025-12-25,22,5,0
CUST01147,Patricia Jackson,19,Female,Quarterly,2025-03-18,2025-11-04,4,4,1
CUST01148,Rohan Lee,27,Male,Monthly,2025-09-09,2025-12-29,19,9,0
CUST01149,Scott Nelson,41,Male,Yearly,2025-07-16,2025-12-10,8,7,0
CUST01150,Thomas Wilson,25,Female,Yearly,2024-08-02,2026-01-12,14,6,0
CUST01151,Janet Jones,28,Female,Quarterly,2023-07-09,2026-01-04,7,7,0
CUST01152,Donald Roberts,27,Female,Monthly,2024-03-02,2025-08-20,0,7,1
CUST01153,Andrew Adams,45,Female,Quarterly,2023-09-04,2025-08-13,2,4,1
CUST01154,Jack Patel,21,Female,Yearly,2023-09-26,2026-01-09,31,10,0
CUST01155,Pooja White,35,Female,Monthly,2025-03-05,2025-12-10,26,7,0
CUST01156,Scott Ramirez,19,Male,Monthly,2025-01-24,2025-12-19,14,7,0
CUST01157,Benjamin Ramirez,28,Male,Quarterly,2025-08-07,2026-01-06,16,7,0
CUST01158,Vivek Young,33,Female,Quarterly,2023-06-21,2025-08-12,4,2,1
CUST01159,William Iyer,26,Female,Monthly,2023-09-19,2025-12-27,7,8,0
CUST01160,Rohan Thomas,16,Female,Monthly,2023-04-08,2026-01-13,27,9,0
CUST01161,Shirley Miller,30,Female,Monthly,2025-08-09,2025-12-10,0,6,0
CUST01162,Neha Taylor,33,Male,Quarterly,2025-10-28,2025-11-05,0,3,1
CUST01163,Daniel Sharma,50,Male,Monthly,2023-06-20,2025-09-16,5,2,1
CUST01164,Kenneth Nguyen,16,Female,Quarterly,2025-07-10,2025-12-30,15,6,0
CUST01165,Carol Iyer,39,Female,Monthly,2024-01-15,2025-06-30,2,5,1
CUST01166,Kimberly Verma,55,Female,Monthly,2023-02-06,2025-11-02,6,4,1
CUST01167,Mary Hernandez,31,Female,Monthly,2025-04-09,2025-12-08,15,9,0
CUST01168,Patrick Young,27,Male,Yearly,2025-01-08,2025-12-21,18,7,0
CUST01169,Anjali Martin,28,Male,Monthly,2024-01-26,2025-11-27,0,4,1
CUST01170,Rachel Gonzalez,33,Female,Monthly,2023-10-25,2025-12-19,22,6,0
CUST01171,Rohan Green,47,Female,Quarterly,2023-06-26,2025-12-17,10,9,0
CUST01172,Charles Walker,16,Male,Monthly,2023-11-09,2025-12-18,21,8,0
CUST01173,Gary Walker,25,Male,Monthly,2024-05-11,2025-07-09,5,6,1
CUST01174,Pooja Singh,16,Male,Monthly,2023-07-30,2025-12-19,22,3,0
CUST01175,Rebecca Kumar,23,Female,Quarterly,2024-08-18,2025-08-21,8,3,1
CUST01176,Gary Allen,21,Female,Quarterly,2025-09-26,2025-11-16,3,7,1
CUST01177,Angela Johnson,16,Male,Monthly,2023-05-11,2025-06-19,0,6,1
CUST01178,Rebecca Reddy,54,Male,Monthly,2024-12-11,2025-08-12,3,1,1
CUST01179,Robert Hernandez,57,Male,Monthly,2024-12-05,2025-12-14,30,8,0
CUST01180,Mark Nguyen,25,Female,Monthly,2025-08-17,2025-09-17,3,3,1
CUST01181,Patrick Rivera,37,Male,Monthly,2025-01-07,2026-01-05,29,8,0
CUST01182,Emma Wilson,22,Male,Quarterly,2025-09-15,2025-10-11,8,4,1
CUST01183,Christopher Hill,41,Female,Quarterly,2025-10-08,2026-01-02,29,5,0
CUST01184,Anna Brown,33,Other,Monthly,2024-06-18,2025-10-22,2,1,1
CUST01185,Daniel Gupta,37,Female,Quarterly,2023-05-11,2026-01-08,38,4,0
CUST01186,Emma Anderson,33,Male,Monthly,2024-06-12,2025-12-24,23,7,0
CUST01187,Jerry Williams,32,Female,Quarterly,2023-11-06,2025-12-14,7,7,0
CUST01188,Nicole Nelson,25,Male,Monthly,2025-06-15,2026-01-08,0,9,0
CUST01189,Susan Sharma,44,Female,Quarterly,2023-07-28,2026-01-13,18,7,0
CUST01190,Nicholas Miller,45,Male,Monthly,2024-02-25,2026-01-05,19,8,0
CUST01191,Carolyn Jackson,30,Female,Quarterly,2025-10-17,2026-01-09,28,7,0
CUST01192,Karen Adams,36,Male,Yearly,2023-09-09,2025-12-18,7,7,0
CUST01193,Rebecca Roberts,24,Female,Monthly,2025-08-28,2025-08-31,2,2,1
CUST01194,William Moore,22,Male,Quarterly,2025-01-08,2025-12-31,34,9,0
CUST01195,Karen Carter,55,Female,Monthly,2024-04-12,2025-08-14,0,4,1
CUST01196,Edward Iyer,19,Male,Monthly,2025-11-23,2025-12-23,12,5,0
CUST01197,Patricia Lewis,47,Male,Monthly,2025-11-25,2026-01-10,14,8,0
CUST01198,Carol Lee,40,Male,Quarterly,2025-06-07,2025-11-22,10,1,1
CUST01199,Gregory Nair,47,Female,Yearly,2023-04-29,2025-12-13,27,5,0
CUST01200,Donna Clark,45,Male,Quarterly,2024-09-15,2025-12-26,20,6,0
CUST01201,Ritu Thompson,24,Male,Monthly,2025-12-16,2026-01-06,12,10,0
CUST01202,Rachel Sanchez,34,Male,Monthly,2025-06-24,2025-12-21,24,6,0
CUST01203,Maria Gonzalez,25,Female,Monthly,2024-11-16,2025-10-30,7,1,1
CUST01204,Eric Wright,29,Male,Monthly,2024-10-01,2025-12-06,18,7,0
CUST01205,Christopher Johnson,32,Male,Quarterly,2024-06-13,2025-09-15,5,5,1
CUST01206,Patrick Ramirez,42,Other,Monthly,2023-05-03,2025-12-30,10,6,0
CUST01207,Benjamin Allen,47,Male,Monthly,2023-09-13,2025-07-08,6,1,1
CUST01208,Jack Smith,37,Male,Yearly,2025-12-28,2026-01-01,2,7,0
CUST01209,Brian Martin,54,Male,Quarterly,2023-10-14,2025-12-13,10,6,0
CUST01210,Jack Thomas,42,Male,Quarterly,2024-01-30,2025-12-23,5,6,0
CUST01211,Ryan Miller,40,Male,Monthly,2025-04-23,2025-11-16,2,3,1
CUST01212,Jason Reddy,42,Male,Monthly,2023-06-09,2025-07-20,5,4,1
CUST01213,Stephanie Nguyen,30,Female,Quarterly,2024-06-24,2025-12-06,20,7,0
CUST01214,Jason Lewis,39,Female,Yearly,2025-05-03,2026-01-06,14,7,0
CUST01215,Nicholas Rodriguez,23,Female,Monthly,2025-11-17,2026-01-08,17,6,0
CUST01216,Alexander Wilson,21,Male,Monthly,2023-11-18,2025-12-23,20,7,0
CUST01217,Suresh Davis,42,Female,Monthly,2023-09-05,2025-09-18,2,4,1
CUST01218,Jennifer King,40,Male,Monthly,2025-02-05,2025-07-30,5,2,1
CUST01219,Patricia Sharma,35,Male,Quarterly,2025-05-13,2025-09-14,5,4,1
CUST01220,Sanjay Jackson,16,Male,Yearly,2025-09-28,2025-10-04,4,8,1
CUST01221,David Verma,30,Male,Monthly,2024-09-26,2025-12-25,12,7,0
CUST01222,Priya Harris,37,Male,Quarterly,2023-09-29,2025-12-14,27,5,0
CUST01223,Samantha Robinson,42,Female,Quarterly,2023-11-02,2025-12-26,22,7,0
CUST01224,Barbara Patel,37,Female,Quarterly,2025-03-04,2025-08-22,7,5,1
CUST01225,Carol Wright,21,Male,Quarterly,2025-06-26,2026-01-10,24,7,0
CUST01226,Divya Hernandez,34,Female,Quarterly,2024-09-24,2026-01-08,18,7,0
CUST01227,Samuel Scott,47,Male,Yearly,2023-04-19,2025-12-13,17,5,0
CUST01228,Matthew Carter,29,Male,Yearly,2023-09-04,2025-12-12,19,9,0
CUST01229,Lisa Johnson,40,Male,Monthly,2025-06-28,2025-07-18,1,8,1
CUST01230,Nicole Lee,36,Male,Monthly,2023-02-17,2025-10-16,7,3,1
CUST01231,Rebecca Johnson,39,Female,Monthly,2024-06-10,2025-11-06,6,6,1
CUST01232,Helen Hernandez,45,Male,Monthly,2023-07-03,2025-08-19,6,3,1
CUST01233,Frank Hernandez,27,Male,Yearly,2024-01-07,2025-11-17,4,5,1
CUST01234,Joshua Harris,31,Male,Monthly,2024-10-25,2025-11-01,7,6,1
CUST01235,Michael Gonzalez,23,Male,Quarterly,2024-04-29,2025-12-14,11,7,0
CUST01236,Deborah Davis,37,Male,Monthly,2025-04-13,2025-11-24,2,6,1
CUST01237,Edward Green,38,Male,Yearly,2024-07-05,2025-12-09,18,5,0
CUST01238,Frank Miller,19,Male,Quarterly,2023-09-15,2025-08-19,4,1,1
CUST01239,Laura Garcia,45,Female,Quarterly,2023-10-19,2026-01-05,16,10,0
CUST01240,Priya Thomas,59,Female,Monthly,2025-07-14,2025-08-05,3,4,1
CUST01241,Pooja Flores,44,Male,Yearly,2023-01-02,2025-07-31,9,1,1
CUST01242,Paul Hill,16,Male,Quarterly,2024-12-20,2026-01-02,13,8,0
CUST01243,Justin Singh,39,Female,Monthly,2025-12-29,2025-12-31,26,5,0
CUST01244,Ronald Hall,16,Male,Monthly,2024-07-26,2026-01-02,24,6,0
CUST01245,Brandon Allen,16,Female,Monthly,2024-12-02,2025-12-18,19,8,0
CUST01246,Paul Thomas,32,Female,Monthly,2024-03-07,2025-12-08,14,7,0
CUST01247,Kevin Johnson,29,Female,Monthly,2023-01-05,2026-01-15,7,6,0
CUST01248,Amit Smith,39,Female,Monthly,2025-09-28,2025-12-12,20,7,0
CUST01249,William Sharma,23,Female,Quarterly,2023-03-05,2025-12-18,16,4,0
CUST01250,Frank Davis,35,Male,Yearly,2025-01-03,2026-01-15,29,5,0
CUST01251,Jessica Robinson,27,Male,Monthly,2023-01-20,2025-11-26,4,6,1
CUST01252,Ruth Moore,29,Female,Quarterly,2024-01-28,2025-06-27,1,1,1
CUST01253,Benjamin Martin,35,Female,Monthly,2025-10-08,2026-01-13,34,7,0
CUST01254,Emily Young,33,Female,Quarterly,2024-03-04,2025-06-21,4,4,1
CUST01255,Ronald Davis,25,Female,Quarterly,2025-10-08,2025-10-13,6,4,1
CUST01256,Gregory Mitchell,34,Female,Quarterly,2023-12-26,2025-10-30,1,6,1
CUST01257,Janet Jones,41,Male,Yearly,2024-04-11,2025-12-29,13,8,0
CUST01258,Matthew Kumar,28,Female,Yearly,2025-12-27,2026-01-04,11,6,0
CUST01259,James Ramirez,16,Female,Yearly,2023-04-17,2025-12-26,21,4,0
CUST01260,Sharon Kumar,20,Other,Monthly,2025-11-27,2025-12-06,0,4,1
CUST01261,Ruth Williams,32,Female,Monthly,2024-07-23,2025-12-12,15,5,0
CUST01262,Laura Lee,21,Male,Monthly,2023-06-17,2026-01-14,21,6,0
CUST01263,Jack Anderson,37,Other,Monthly,2023-06-02,2026-01-03,10,7,0
CUST01264,Nancy Perez,48,Male,Quarterly,2023-07-18,2025-08-13,5,3,1
CUST01265,Vikram Johnson,36,Female,Quarterly,2024-11-15,2025-12-31,16,7,0
CUST01266,Susan Walker,30,Male,Monthly,2023-04-22,2025-12-13,16,7,0
CUST01267,Rahul Thomas,23,Female,Quarterly,2025-06-17,2025-12-06,9,5,0
CUST01268,Laura Nguyen,16,Male,Yearly,2023-03-10,2026-01-11,8,7,0
CUST01269,Priya Rodriguez,24,Male,Yearly,2023-04-23,2025-12-06,22,7,0
CUST01270,Sharon Jones,16,Male,Monthly,2023-04-17,2025-08-26,5,5,1
CUST01271,Stephanie Miller,23,Female,Monthly,2023-01-22,2025-08-05,5,2,1
CUST01272,Rahul Ramirez,35,Female,Quarterly,2024-11-26,2026-01-14,7,4,0
CUST01273,Ryan King,29,Male,Monthly,2023-07-30,2025-11-14,3,3,1
CUST01274,Pamela Sharma,20,Female,Yearly,2023-09-16,2025-12-30,14,7,0
CUST01275,Amanda Clark,33,Female,Quarterly,2024-01-16,2025-11-20,4,2,1
CUST01276,Linda Rodriguez,46,Male,Monthly,2025-01-02,2025-07-16,0,5,1
CUST01277,Maria Martinez,47,Male,Monthly,2024-12-03,2025-11-29,5,3,1
CUST01278,Eric Nguyen,28,Female,Monthly,2024-05-01,2025-12-11,26,5,0
CUST01279,Karan Brown,23,Male,Monthly,2024-02-15,2026-01-03,14,9,0
CUST01280,Priya Jones,38,Male,Quarterly,2025-08-15,2025-12-25,10,6,0
CUST01281,Karan Nguyen,27,Female,Monthly,2024-09-05,2025-10-21,1,5,1
CUST01282,Susan Robinson,18,Female,Yearly,2025-10-12,2025-12-01,8,5,1
CUST01283,Samantha Anderson,45,Female,Monthly,2024-03-12,2025-09-08,2,3,1
CUST01284,Vikram Mitchell,18,Male,Monthly,2023-01-14,2025-11-13,2,5,1
CUST01285,Amanda Johnson,48,Female,Monthly,2025-06-20,2025-07-05,0,3,1
CUST01286,Ritu Carter,32,Male,Yearly,2024-02-12,2026-01-04,6,8,0
CUST01287,Mark Reddy,26,Male,Monthly,2024-05-18,2025-11-26,3,3,1
CUST01288,Daniel Singh,25,Male,Monthly,2023-10-09,2025-11-03,3,3,1
CUST01289,Carol Nair,29,Male,Monthly,2025-01-27,2026-01-05,12,7,0
CUST01290,Angela Patel,52,Other,Yearly,2023-05-14,2025-10-29,4,5,1
CUST01291,Rahul Gonzalez,18,Male,Monthly,2025-02-05,2025-08-14,4,2,1
CUST01292,Samantha Thomas,17,Female,Quarterly,2024-01-23,2025-12-28,12,9,0
CUST01293,Rahul Martinez,44,Male,Monthly,2024-07-27,2025-12-14,19,5,0
CUST01294,Justin Reddy,31,Female,Quarterly,2025-08-21,2025-12-07,20,7,0
CUST01295,David Hernandez,16,Female,Quarterly,2025-11-08,2025-11-16,1,4,1
CUST01296,Daniel Lee,39,Female,Quarterly,2025-09-16,2025-12-15,0,7,0
CUST01297,Jacob Moore,35,Female,Quarterly,2023-03-16,2025-10-11,6,5,1
CUST01298,Laura Verma,40,Male,Monthly,2025-05-20,2025-12-10,11,4,0
CUST01299,Christopher Nair,29,Female,Monthly,2023-06-23,2025-11-10,7,6,1
CUST01300,Donna Lewis,41,Female,Monthly,2023-03-26,2025-12-07,21,7,0
CUST01301,Carol Ramirez,27,Male,Monthly,2025-01-22,2025-12-26,16,9,0
CUST01302,Paul Harris,23,Male,Monthly,2024-06-27,2025-12-24,30,6,0
CUST01303,Amit Garcia,48,Male,Quarterly,2023-06-10,2026-01-01,6,8,0
CUST01304,Richard Davis,25,Male,Monthly,2024-02-15,2025-06-12,0,4,1
CUST01305,Kevin Taylor,45,Male,Yearly,2024-07-16,2025-12-08,11,5,0
CUST01306,Sarah Kumar,32,Female,Quarterly,2024-06-18,2025-09-16,3,5,1
CUST01307,Andrew Gupta,44,Male,Yearly,2025-04-10,2026-01-15,17,10,0
CUST01308,Jacob Adams,36,Female,Quarterly,2023-11-02,2026-01-01,15,4,0
CUST01309,Sandra Campbell,31,Female,Monthly,2025-11-22,2025-12-11,15,8,0
CUST01310,Dennis Robinson,39,Female,Monthly,2023-06-25,2025-10-14,0,4,1
CUST01311,Jason Roberts,41,Female,Monthly,2025-06-17,2025-07-12,8,5,1
CUST01312,Patricia White,42,Male,Yearly,2024-09-17,2026-01-15,18,7,0
CUST01313,Amy Patel,47,Female,Monthly,2024-04-06,2025-06-09,0,3,1
CUST01314,Dennis Sanchez,25,Female,Quarterly,2024-09-05,2025-11-26,5,6,1
CUST01315,Larry Sharma,27,Male,Monthly,2024-11-07,2025-12-08,0,6,0
CUST01316,Ritu Hill,44,Female,Monthly,2025-02-19,2025-08-23,5,4,1
CUST01317,David Wright,30,Male,Monthly,2024-11-04,2025-12-18,7,8,0
CUST01318,Samantha Mehta,24,Male,Monthly,2023-12-30,2025-06-30,10,5,1
CUST01319,Gary Johnson,27,Male,Monthly,2025-03-01,2025-10-03,2,4,1
CUST01320,Donna Nelson,31,Female,Monthly,2025-01-24,2026-01-05,26,7,0
CUST01321,Dorothy Verma,25,Female,Monthly,2023-08-15,2025-08-16,9,4,1
CUST01322,Kathleen Mitchell,42,Male,Yearly,2024-02-27,2025-10-10,2,4,1
CUST01323,Michelle Ramirez,37,Female,Quarterly,2023-11-22,2025-12-27,2,10,0
CUST01324,Pamela Gonzalez,48,Female,Quarterly,2024-07-18,2025-10-26,2,2,1
CUST01325,Laura Jones,37,Female,Quarterly,2024-05-20,2025-12-10,18,7,0
CUST01326,Kavita Young,36,Male,Quarterly,2023-07-06,2025-08-07,5,6,1
CUST01327,Brian Hall,40,Female,Quarterly,2025-03-11,2026-01-04,9,9,0
CUST01328,Rebecca Thomas,52,Male,Quarterly,2025-06-03,2026-01-04,43,5,0
CUST01329,Rachel Torres,36,Male,Quarterly,2023-03-31,2025-10-22,0,5,1
CUST01330,Emily Reddy,27,Female,Monthly,2023-05-17,2026-01-02,33,6,0
CUST01331,Ritu Young,16,Male,Quarterly,2023-09-06,2026-01-11,14,4,0
CUST01332,Dennis Miller,42,Female,Quarterly,2025-04-19,2025-12-30,1,7,0
CUST01333,Anthony Allen,16,Male,Monthly,2025-08-03,2025-08-21,3,7,1
CUST01334,Karan Gonzalez,37,Male,Monthly,2023-08-23,2026-01-07,11,7,0
CUST01335,Dorothy Nelson,34,Female,Monthly,2023-05-20,2025-06-16,5,1,1
CUST01336,Ashley Rivera,40,Female,Monthly,2024-07-25,2026-01-05,0,6,0
CUST01337,Rohan Johnson,28,Female,Monthly,2023-09-12,2025-12-21,23,7,0
CUST01338,Nancy Jones,18,Female,Monthly,2024-07-13,2025-09-01,1,4,1
CUST01339,Daniel Wilson,33,Female,Yearly,2025-12-26,2026-01-12,13,6,0
CUST01340,Rohan Green,41,Female,Quarterly,2023-07-30,2025-12-27,13,7,0
CUST01341,Jeffrey Brown,57,Female,Monthly,2025-02-11,2025-12-31,6,4,0
CUST01342,Melissa Iyer,42,Male,Monthly,2025-05-13,2025-11-28,1,3,1
CUST01343,Carol Gupta,25,Male,Quarterly,2024-03-27,2026-01-09,15,9,0
CUST01344,Anjali Singh,42,Female,Monthly,2023-12-09,2025-07-23,6,1,1
CUST01345,Susan Gupta,21,Male,Quarterly,2024-01-24,2025-12-12,0,6,0
CUST01346,Ronald Ramirez,44,Male,Monthly,2024-12-31,2025-11-28,5,3,1
CUST01347,Stephanie Adams,33,Male,Monthly,2025-07-28,2025-08-02,1,4,1
CUST01348,Katherine Flores,42,Male,Monthly,2024-03-23,2025-07-01,0,4,1
CUST01349,Amy Miller,44,Female,Quarterly,2023-12-18,2025-11-07,2,5,1
CUST01350,Scott Lee,64,Other,Quarterly,2023-09-30,2025-12-06,17,7,0
CUST01351,Ruth Reddy,25,Female,Yearly,2025-09-14,2025-11-27,4,5,1
CUST01352,Nicole Iyer,36,Female,Monthly,2024-04-21,2026-01-15,9,7,0
CUST01353,Sandra Johnson,50,Female,Yearly,2024-09-24,2025-12-19,21,8,0
CUST01354,Dennis Thomas,31,Female,Monthly,2025-02-06,2026-01-03,23,7,0
CUST01355,Karen Harris,23,Male,Monthly,2025-06-27,2025-12-25,20,5,0
CUST01356,Sarah Moore,27,Male,Quarterly,2023-03-23,2025-12-20,19,7,0
CUST01357,Samuel Gupta,20,Male,Monthly,2024-11-09,2025-10-10,7,5,1
CUST01358,Helen Brown,26,Female,Quarterly,2024-05-23,2026-01-01,5,7,0
CUST01359,Nicole Verma,29,Male,Monthly,2025-06-24,2026-01-11,18,6,0
CUST01360,Aditya Young,16,Male,Monthly,2023-10-17,2026-01-07,14,6,0
CUST01361,Barbara Lopez,40,Female,Yearly,2024-02-23,2026-01-10,12,9,0
CUST01362,Jason Campbell,16,Male,Monthly,2024-02-09,2025-10-17,7,3,1
CUST01363,Nicole Thomas,43,Male,Quarterly,2024-02-17,2025-07-31,4,6,1
CUST01364,William White,29,Male,Monthly,2025-06-22,2025-06-28,0,6,1
CUST01365,Jack Ramirez,32,Female,Yearly,2025-09-14,2025-09-21,4,6,1
CUST01366,Karan Garcia,22,Female,Yearly,2023-11-09,2026-01-04,22,6,0
CUST01367,Steven Harris,32,Male,Monthly,2025-02-07,2025-12-16,18,5,0
CUST01368,Elizabeth Perez,25,Male,Monthly,2023-11-13,2026-01-15,28,8,0
CUST01369,Mary Verma,33,Female,Quarterly,2025-10-03,2025-12-20,19,6,0
CUST01370,Ronald Mitchell,48,Male,Monthly,2023-05-26,2025-11-22,3,4,1
CUST01371,Suresh Davis,46,Male,Quarterly,2024-02-02,2025-12-30,11,9,0
CUST01372,Jerry Iyer,17,Female,Monthly,2025-09-27,2025-12-23,31,6,0
CUST01373,Rachel Brown,31,Female,Yearly,2024-05-20,2026-01-13,2,6,0
CUST01374,Suresh Gupta,22,Male,Quarterly,2023-02-27,2026-01-06,13,7,0
CUST01375,Kimberly Hill,44,Male,Quarterly,2024-06-04,2025-07-06,4,4,1
CUST01376,Gregory Singh,21,Male,Monthly,2023-07-09,2025-12-22,10,9,0
CUST01377,Ronald Rivera,25,Female,Yearly,2025-11-27,2025-12-19,31,6,0
CUST01378,Nancy Singh,34,Male,Quarterly,2025-10-22,2025-12-22,26,9,0
CUST01379,Pamela Martin,32,Female,Quarterly,2023-07-02,2025-07-08,2,4,1
CUST01380,Maria Patel,37,Male,Monthly,2024-03-05,2025-12-21,25,7,0
CUST01381,Rachel Martin,40,Male,Monthly,2025-10-04,2025-11-14,8,4,1
CUST01382,Maria Hall,37,Male,Monthly,2024-08-13,2026-01-05,5,3,0
CUST01383,Daniel White,38,Male,Monthly,2025-09-23,2025-11-03,3,3,1
CUST01384,Laura Torres,36,Female,Monthly,2023-05-01,2026-01-03,17,8,0
CUST01385,Kimberly Mehta,34,Female,Monthly,2023-08-12,2026-01-05,12,8,0
CUST01386,William Jackson,31,Male,Monthly,2023-05-12,2025-07-05,5,3,1
CUST01387,Donald Walker,26,Female,Quarterly,2023-01-20,2025-11-30,4,4,1
CUST01388,Christine Nguyen,39,Female,Monthly,2024-03-08,2026-01-15,15,4,0
CUST01389,Timothy Hill,29,Female,Yearly,2024-06-28,2025-12-16,24,6,0
CUST01390,Dennis Perez,31,Female,Monthly,2024-12-03,2025-12-31,25,6,0
CUST01391,George Nelson,17,Male,Quarterly,2024-12-30,2026-01-09,16,6,0
CUST01392,James Robinson,23,Female,Monthly,2023-10-12,2025-10-31,3,5,1
CUST01393,Aditya King,33,Male,Quarterly,2024-05-24,2025-12-07,20,10,0
CUST01394,Debra Nelson,30,Female,Quarterly,2024-01-20,2025-06-21,4,3,1
CUST01395,Neha Lee,24,Male,Monthly,2023-04-04,2025-12-26,13,6,0
CUST01396,Frank Lewis,37,Male,Monthly,2023-06-16,2025-08-02,11,2,1
CUST01397,Gregory Kumar,29,Female,Monthly,2025-02-27,2025-10-13,3,4,1
CUST01398,Catherine Martinez,36,Female,Yearly,2025-10-30,2025-11-01,7,1,1
CUST01399,Joshua Singh,16,Female,Quarterly,2025-08-14,2025-08-16,2,6,1
CUST01400,Kathleen Nelson,16,Female,Monthly,2023-12-16,2026-01-10,0,8,0
CUST01401,Susan Ramirez,36,Other,Monthly,2024-10-30,2025-12-29,9,5,0
CUST01402,Mark Campbell,23,Male,Monthly,2023-09-10,2025-12-12,18,6,0
CUST01403,Samantha Campbell,39,Female,Quarterly,2024-11-12,2025-12-10,0,6,0
CUST01404,Jerry Nair,21,Female,Quarterly,2025-02-11,2025-12-22,15,6,0
CUST01405,Katherine Adams,42,Female,Yearly,2025-06-13,2026-01-01,3,7,0
CUST01406,Kimberly Davis,40,Male,Monthly,2024-11-27,2026-01-03,32,6,0
CUST01407,Janet Davis,37,Female,Monthly,2024-10-03,2025-12-10,3,3,0
CUST01408,Jack Smith,43,Male,Quarterly,2024-01-24,2025-12-19,17,9,0
CUST01409,Kenneth Roberts,18,Male,Quarterly,2023-09-16,2025-12-08,22,10,0
CUST01410,Pamela Anderson,38,Male,Monthly,2025-08-01,2025-09-17,4,4,1
CUST01411,Rohan Anderson,16,Female,Monthly,2024-08-03,2025-06-14,8,3,1
CUST01412,Sneha Patel,39,Female,Monthly,2024-10-17,2025-10-31,0,2,1
CUST01413,Emily Kumar,49,Female,Monthly,2024-03-17,2025-12-22,15,9,0
CUST01414,Linda Patel,33,Male,Yearly,2024-03-07,2026-01-01,3,8,0
CUST01415,Rachel Mitchell,27,Male,Yearly,2024-01-02,2025-12-21,23,7,0
CUST01416,Joshua Gupta,17,Female,Yearly,2023-02-14,2025-12-25,19,10,0
CUST01417,Jason Baker,39,Male,Monthly,2025-03-12,2025-07-19,3,6,1
CUST01418,Carolyn Jackson,36,Male,Yearly,2025-03-17,2025-09-10,4,2,1
CUST01419,Dennis Sharma,36,Female,Yearly,2024-09-14,2026-01-05,26,6,0
CUST01420,Brenda Rodriguez,49,Male,Monthly,2023-10-24,2025-10-12,3,2,1
CUST01421,Jack Adams,44,Male,Quarterly,2023-07-28,2026-01-06,15,8,0
CUST01422,Timothy Ramirez,30,Female,Monthly,2023-04-26,2025-08-02,3,5,1
CUST01423,Daniel Brown,37,Male,Quarterly,2024-11-24,2026-01-06,2,5,0
CUST01424,Benjamin Campbell,44,Male,Monthly,2024-05-08,2025-09-15,3,3,1
CUST01425,Alexander Hill,19,Female,Quarterly,2025-02-07,2026-01-10,9,4,0
CUST01426,Maria Robinson,32,Female,Quarterly,2024-07-17,2025-12-18,13,5,0
CUST01427,Melissa Smith,33,Male,Monthly,2025-09-28,2025-12-14,20,10,0
CUST01428,Mark Johnson,17,Female,Yearly,2025-09-09,2026-01-09,27,8,0
CUST01429,Rahul Nguyen,25,Male,Monthly,2025-06-07,2025-10-30,4,3,1
CUST01430,Richard Lee,36,Male,Yearly,2024-01-14,2026-01-14,30,8,0
CUST01431,Ronald Scott,39,Female,Quarterly,2025-12-21,2025-12-31,14,5,0
CUST01432,Jonathan Rivera,31,Female,Quarterly,2024-02-29,2026-01-08,27,5,0
CUST01433,Lisa Verma,22,Female,Monthly,2025-07-04,2026-01-08,19,5,0
CUST01434,Jennifer Rodriguez,25,Female,Quarterly,2023-06-29,2026-01-13,14,5,0
CUST01435,William Davis,23,Female,Monthly,2023-12-18,2025-06-16,6,1,1
CUST01436,James Thomas,16,Male,Yearly,2025-11-29,2025-12-28,12,8,0
CUST01437,Gregory Wright,31,Male,Quarterly,2024-10-02,2025-12-24,14,7,0
CUST01438,Nicole Wright,16,Female,Quarterly,2023-04-02,2025-10-14,5,4,1
CUST01439,Charles Martin,29,Female,Monthly,2023-10-02,2026-01-02,26,5,0
CUST01440,Pamela Thompson,46,Male,Quarterly,2025-05-14,2025-09-27,4,3,1
CUST01441,Kimberly Harris,33,Female,Monthly,2025-07-23,2025-09-27,3,6,1
CUST01442,Frank Ramirez,22,Female,Monthly,2024-02-22,2025-09-24,1,6,1
CUST01443,Samantha Hall,27,Female,Quarterly,2025-11-13,2025-12-20,25,9,0
CUST01444,Arjun Martinez,29,Male,Quarterly,2025-02-15,2025-06-30,6,2,1
CUST01445,Ashley Jones,42,Male,Quarterly,2025-04-13,2025-06-21,4,5,1
CUST01446,Barbara White,26,Female,Quarterly,2023-10-27,2026-01-01,4,8,0
CUST01447,Emily Smith,16,Male,Yearly,2024-03-31,2026-01-09,15,8,0
CUST01448,Priya Nair,36,Male,Quarterly,2024-09-19,2025-12-15,33,8,0
CUST01449,Richard King,26,Male,Quarterly,2024-07-31,2025-12-08,18,7,0
CUST01450,Richard Mehta,16,Male,Monthly,2025-03-08,2025-06-11,1,3,1
CUST01451,Priya Wright,16,Female,Yearly,2025-04-04,2026-01-07,18,6,0
CUST01452,Kimberly Smith,16,Female,Quarterly,2023-09-16,2025-07-09,5,5,1
CUST01453,Jack Moore,36,Male,Quarterly,2025-01-28,2025-12-31,15,8,0
CUST01454,Frank Hill,41,Male,Monthly,2025-06-17,2025-12-17,20,6,0
CUST01455,Nicholas Jackson,37,Male,Monthly,2024-04-13,2025-11-09,7,3,1
CUST01456,Michelle Clark,57,Female,Yearly,2023-06-12,2025-10-01,2,4,1
CUST01457,Barbara Hernandez,26,Female,Monthly,2024-08-08,2025-12-15,19,4,0
CUST01458,Vikram Verma,27,Male,Yearly,2025-11-07,2026-01-07,9,7,0
CUST01459,Kathleen Young,44,Female,Yearly,2025-12-26,2025-12-27,23,3,0
CUST01460,Brandon Gonzalez,56,Female,Quarterly,2025-05-20,2025-12-24,20,6,0
CUST01461,Ashley Mitchell,35,Female,Yearly,2025-12-17,2026-01-13,19,6,0
CUST01462,Nicole Lewis,36,Other,Quarterly,2025-12-08,2026-01-04,13,6,0
CUST01463,Elizabeth White,26,Female,Quarterly,2023-04-15,2025-12-22,6,7,0
CUST01464,Nancy White,40,Other,Monthly,2024-05-26,2026-01-08,22,8,0
CUST01465,Donna Martin,37,Female,Monthly,2023-01-05,2025-12-10,13,8,0
CUST01466,Ronald Wilson,19,Female,Yearly,2025-11-21,2026-01-13,10,5,0
CUST01467,Vivek Robinson,45,Female,Yearly,2023-04-28,2025-12-07,25,8,0
CUST01468,Ryan Perez,45,Male,Monthly,2024-12-17,2026-01-04,10,7,0
CUST01469,Stephanie Thompson,32,Male,Monthly,2024-02-09,2025-07-23,6,3,1
CUST01470,Amit Martinez,29,Male,Yearly,2023-01-15,2025-12-30,22,8,0
CUST01471,Mark Walker,26,Male,Monthly,2025-05-27,2025-12-12,17,5,0
CUST01472,Vikram Moore,16,Male,Monthly,2025-06-18,2025-09-02,4,5,1
CUST01473,Janet Ramirez,36,Male,Yearly,2024-02-11,2025-09-20,0,3,1
CUST01474,Jennifer Rodriguez,16,Male,Quarterly,2023-03-06,2025-10-12,8,2,1
CUST01475,Kathleen Nelson,47,Other,Monthly,2025-09-28,2026-01-07,25,5,0
CUST01476,Dorothy Carter,21,Female,Yearly,2025-10-24,2025-12-22,20,6,0
CUST01477,Thomas Davis,35,Female,Quarterly,2023-09-16,2025-07-26,2,1,1
CUST01478,Mary Roberts,16,Female,Monthly,2024-12-01,2025-07-02,4,3,1
CUST01479,Jack Smith,27,Male,Monthly,2025-09-22,2025-09-26,6,6,1
CUST01480,Emma Martinez,31,Female,Monthly,2024-07-29,2025-12-30,15,8,0
CUST01481,Rachel Thomas,19,Female,Monthly,2025-08-28,2026-01-09,19,8,0
CUST01482,Rachel Campbell,41,Female,Monthly,2023-11-01,2025-10-29,0,2,1
CUST01483,Stephanie Williams,24,Male,Monthly,2023-10-27,2025-06-27,4,5,1
CUST01484,Betty Garcia,50,Female,Monthly,2025-12-11,2025-12-15,2,3,1
CUST01485,Mark Perez,46,Male,Monthly,2025-05-24,2025-12-27,20,9,0
CUST01486,Joseph Moore,37,Male,Yearly,2025-05-06,2026-01-12,8,5,0
CUST01487,Lisa Williams,16,Male,Quarterly,2024-10-20,2025-08-03,5,6,1
CUST01488,Emily Iyer,54,Female,Monthly,2024-05-31,2025-12-23,24,9,0
CUST01489,Kevin Martin,27,Male,Quarterly,2023-09-24,2025-12-23,8,8,0
CUST01490,Janet Roberts,38,Female,Quarterly,2024-05-02,2026-01-02,18,7,0
CUST01491,Justin Harris,37,Male,Monthly,2023-09-04,2025-06-17,7,6,1
CUST01492,Neha Gonzalez,39,Male,Monthly,2023-07-22,2025-07-15,6,5,1
CUST01493,Emma Perez,28,Male,Monthly,2024-02-18,2026-01-06,24,5,0
CUST01494,Jennifer Rodriguez,45,Male,Quarterly,2024-06-01,2025-12-11,8,7,0
CUST01495,Brian Mehta,24,Male,Quarterly,2023-08-29,2026-01-11,22,7,0
CUST01496,Kathleen Clark,16,Female,Yearly,2023-02-14,2025-09-22,5,3,1
CUST01497,Rachel Rodriguez,43,Male,Yearly,2023-05-05,2026-01-03,18,7,0
CUST01498,Jack Gupta,23,Male,Quarterly,2025-11-17,2026-01-05,13,6,0
CUST01499,Jeffrey Carter,43,Female,Quarterly,2025-03-10,2025-12-29,31,6,0
CUST01500,Anthony Lopez,45,Male,Quarterly,2023-01-19,2025-12-14,0,5,0
CUST01501,Ryan Allen,23,Female,Quarterly,2024-09-13,2025-12-28,7,4,0
CUST01502,Raymond Moore,38,Female,Monthly,2023-04-04,2025-12-28,16,7,0
CUST01503,Jennifer Green,41,Male,Yearly,2023-09-30,2026-01-12,20,8,0
CUST01504,Samuel Thomas,33,Other,Monthly,2023-08-26,2025-09-04,0,6,1
CUST01505,Benjamin Hill,27,Other,Monthly,2024-06-24,2025-12-20,10,7,0
CUST01506,Meera Flores,23,Male,Yearly,2023-01-22,2026-01-01,14,7,0
CUST01507,Carolyn Moore,37,Male,Yearly,2023-08-06,2025-12-22,10,6,0
CUST01508,Katherine Taylor,45,Female,Quarterly,2024-02-27,2026-01-01,21,10,0
CUST01509,Dorothy Moore,46,Male,Quarterly,2025-03-20,2025-10-03,7,1,1
CUST01510,Carolyn Campbell,42,Male,Monthly,2025-09-08,2025-10-16,3,3,1
CUST01511,Ryan Lopez,35,Female,Monthly,2025-10-01,2026-01-04,25,8,0
CUST01512,Samuel Jackson,24,Male,Monthly,2023-12-30,2025-12-08,23,6,0
CUST01513,Matthew Jones,36,Male,Monthly,2025-07-20,2025-12-21,15,6,0
CUST01514,Richard Campbell,42,Female,Quarterly,2023-01-25,2025-12-22,9,10,0
CUST01515,Deborah Johnson,16,Male,Monthly,2023-03-31,2025-11-10,2,4,1
CUST01516,Paul Martinez,40,Female,Quarterly,2023-01-20,2026-01-09,17,7,0
CUST01517,Helen Mitchell,38,Female,Yearly,2023-06-24,2025-12-16,16,9,0
CUST01518,Ruth Torres,43,Female,Yearly,2024-09-21,2026-01-06,24,5,0
CUST01519,Ashley Brown,33,Female,Monthly,2023-09-10,2025-11-20,3,2,1
CUST01520,Susan Wright,37,Male,Quarterly,2025-04-30,2025-10-05,2,5,1
CUST01521,Patricia Anderson,22,Male,Monthly,2024-08-10,2025-06-09,9,2,1
CUST01522,Deborah Baker,36,Female,Yearly,2023-08-19,2026-01-08,24,6,0
CUST01523,Mark Miller,43,Female,Monthly,2023-06-06,2026-01-08,8,9,0
CUST01524,George Nair,34,Female,Monthly,2023-03-30,2026-01-04,13,6,0
CUST01525,Jason King,42,Male,Monthly,2025-05-20,2025-06-14,2,2,1
CUST01526,Debra Martin,31,Female,Monthly,2023-08-01,2025-07-27,0,7,1
CUST01527,Gregory White,27,Female,Yearly,2023-06-06,2026-01-06,24,7,0
CUST01528,Maria Adams,23,Male,Monthly,2025-07-03,2025-12-16,17,8,0
CUST01529,Neha Jones,31,Male,Monthly,2024-07-24,2025-09-10,7,6,1
CUST01530,Thomas Lopez,44,Female,Monthly,2025-10-09,2025-10-19,2,2,1
CUST01531,Rahul Green,27,Male,Yearly,2024-05-18,2025-12-11,19,8,0
CUST01532,Amy Wright,16,Female,Quarterly,2024-04-16,2025-07-06,3,4,1
CUST01533,Catherine Clark,30,Female,Quarterly,2024-03-25,2025-12-31,28,7,0
CUST01534,George Smith,48,Male,Yearly,2025-01-12,2026-01-07,16,8,0
CUST01535,Suresh Davis,51,Male,Monthly,2023-10-13,2025-10-26,7,2,1
CUST01536,Pooja Kumar,31,Female,Yearly,2025-05-12,2026-01-01,15,8,0
CUST01537,Linda Mitchell,41,Male,Yearly,2023-10-21,2026-01-14,11,7,0
CUST01538,Rachel Ramirez,16,Male,Quarterly,2023-06-01,2025-12-08,29,6,0
CUST01539,Aditya Hernandez,34,Male,Monthly,2023-06-11,2025-11-28,3,6,1
CUST01540,Larry Singh,16,Female,Monthly,2024-01-09,2025-10-27,3,4,1
CUST01541,Janet King,29,Female,Monthly,2025-04-22,2025-12-18,31,5,0
CUST01542,Priya Adams,42,Female,Monthly,2023-11-16,2025-06-20,5,6,1
CUST01543,John Hill,26,Female,Quarterly,2023-01-23,2025-12-19,12,8,0
CUST01544,Debra Reddy,38,Male,Quarterly,2024-06-12,2025-12-14,5,6,0
CUST01545,Michelle Rivera,38,Male,Yearly,2024-07-10,2025-12-13,24,6,0
CUST01546,Timothy Rodriguez,16,Female,Monthly,2023-04-25,2025-10-15,5,2,1
CUST01547,Arjun Mitchell,16,Other,Quarterly,2023-06-08,2025-12-17,0,8,0
CUST01548,Kathleen Lee,35,Female,Monthly,2025-02-18,2025-08-28,3,6,1
CUST01549,Samuel Ramirez,41,Male,Monthly,2023-06-09,2025-09-07,8,1,1
CUST01550,Patricia Thomas,33,Male,Quarterly,2023-05-14,2025-11-29,0,3,1
CUST01551,Dennis Iyer,31,Male,Quarterly,2023-03-08,2025-11-10,5,4,1
CUST01552,Larry Torres,40,Male,Yearly,2025-09-17,2025-09-19,6,8,1
CUST01553,Michelle Smith,30,Other,Quarterly,2025-03-26,2025-12-26,10,7,0
CUST01554,Dennis Sanchez,25,Female,Yearly,2023-07-19,2025-12-14,29,6,0
CUST01555,Richard Allen,27,Female,Monthly,2025-02-21,2026-01-13,14,8,0
CUST01556,Donna Hernandez,32,Male,Monthly,2023-07-11,2026-01-01,12,9,0
CUST01557,Sanjay Wilson,24,Female,Quarterly,2023-11-26,2025-12-14,18,8,0
CUST01558,Eric Campbell,16,Female,Quarterly,2024-11-30,2026-01-07,21,5,0
CUST01559,Carol Jackson,43,Male,Yearly,2025-06-01,2025-06-10,1,5,1
CUST01560,Deborah Thomas,46,Male,Quarterly,2023-06-03,2025-12-10,24,7,0
CUST01561,Benjamin Young,31,Male,Monthly,2024-09-25,2026-01-10,13,9,0
CUST01562,Amy Miller,26,Male,Monthly,2024-08-28,2025-09-21,0,5,1
CUST01563,Brenda White,25,Male,Monthly,2025-08-01,2025-08-02,1,1,1
CUST01564,Steven Carter,28,Female,Quarterly,2023-10-15,2025-12-10,17,7,0
CUST01565,Gary Williams,44,Male,Monthly,2025-04-17,2026-01-07,22,7,0
CUST01566,Jeffrey White,31,Female,Quarterly,2024-10-04,2025-12-20,22,9,0
CUST01567,Nicholas Lewis,35,Male,Yearly,2023-03-29,2026-01-12,14,5,0
CUST01568,Jack Sharma,18,Male,Yearly,2023-01-17,2025-11-05,5,5,1
CUST01569,Donna Harris,40,Male,Monthly,2023-05-30,2025-08-05,3,6,1
CUST01570,Christine Garcia,28,Male,Monthly,2025-12-31,2026-01-02,25,7,0
CUST01571,William Lopez,27,Female,Yearly,2025-03-23,2026-01-03,22,7,0
CUST01572,Stephanie Perez,37,Male,Monthly,2025-09-22,2025-09-24,4,4,1
CUST01573,Emily Robinson,60,Male,Monthly,2025-08-20,2025-10-08,7,5,1
CUST01574,Kenneth Torres,35,Male,Quarterly,2025-02-17,2025-08-31,7,5,1
CUST01575,Rahul Ramirez,34,Other,Monthly,2024-03-09,2025-12-19,15,7,0
CUST01576,Paul Taylor,16,Female,Monthly,2023-05-22,2025-11-11,4,3,1
CUST01577,Joshua Verma,51,Female,Yearly,2025-12-10,2025-12-30,18,5,0
CUST01578,Lisa Singh,33,Male,Yearly,2025-05-27,2025-12-27,9,8,0
CUST01579,Nancy Gonzalez,37,Male,Monthly,2025-08-31,2026-01-05,25,6,0
CUST01580,Rachel Ramirez,34,Male,Quarterly,2025-03-07,2025-12-11,7,8,0
CUST01581,Priya Mehta,39,Female,Monthly,2023-10-24,2025-09-11,5,4,1
CUST01582,Mary Martinez,38,Female,Yearly,2025-10-19,2026-01-08,30,6,0
CUST01583,Rahul Baker,35,Male,Quarterly,2023-01-08,2026-01-07,9,5,0
CUST01584,Samantha Lewis,35,Female,Quarterly,2023-03-16,2025-10-14,7,3,1
CUST01585,Rebecca Hall,31,Female,Monthly,2025-02-12,2025-10-09,2,3,1
CUST01586,Matthew Baker,37,Female,Monthly,2025-01-15,2025-09-14,0,6,1
CUST01587,Nicholas Gupta,26,Female,Quarterly,2025-07-22,2025-12-24,23,5,0
CUST01588,Amanda Singh,41,Female,Quarterly,2024-11-18,2025-10-17,6,4,1
CUST01589,Ryan Ramirez,23,Male,Quarterly,2023-11-30,2025-12-22,19,5,0
CUST01590,Andrew Kumar,31,Female,Quarterly,2024-08-03,2026-01-09,26,8,0
CUST01591,Barbara Patel,34,Female,Monthly,2023-02-03,2025-12-20,10,8,0
CUST01592,Susan Young,34,Female,Quarterly,2023-07-24,2025-12-14,0,8,0
CUST01593,Justin Patel,33,Male,Monthly,2025-05-11,2025-08-07,7,2,1
CUST01594,Stephen Harris,16,Male,Yearly,2023-09-12,2025-12-17,20,7,0
CUST01595,Edward Iyer,16,Female,Quarterly,2025-03-21,2025-08-28,1,9,1
CUST01596,Priya Anderson,30,Female,Monthly,2024-06-25,2025-08-17,6,3,1
CUST01597,Frank Thomas,16,Male,Yearly,2023-03-08,2025-10-23,3,3,1
CUST01598,Rahul White,29,Female,Quarterly,2024-10-12,2025-12-10,17,7,0
CUST01599,Sharon Thomas,32,Female,Monthly,2025-03-16,2025-12-10,7,8,0
CUST01600,Jason Rodriguez,16,Female,Monthly,2023-12-22,2025-09-11,0,5,1
CUST01601,Eric Hernandez,39,Male,Monthly,2023-09-16,2025-12-06,17,5,0
CUST01602,Brenda Sharma,26,Male,Quarterly,2024-06-16,2026-01-05,15,4,0
CUST01603,Dorothy Wilson,25,Male,Monthly,2023-01-24,2025-12-09,23,9,0
CUST01604,Karen Johnson,29,Female,Quarterly,2023-06-11,2026-01-14,24,4,0
CUST01605,Janet Campbell,41,Male,Monthly,2025-01-03,2025-06-17,1,4,1
CUST01606,Meera Anderson,31,Male,Quarterly,2024-05-17,2025-12-22,28,5,0
CUST01607,Jerry Taylor,40,Female,Monthly,2023-10-22,2025-12-06,15,7,0
CUST01608,Justin Verma,31,Male,Monthly,2023-09-09,2025-09-20,1,4,1
CUST01609,Kimberly Mehta,33,Male,Monthly,2025-01-10,2026-01-02,19,7,0
CUST01610,Ronald Miller,42,Female,Monthly,2023-05-31,2025-12-06,25,5,0
CUST01611,Elizabeth Wilson,43,Female,Monthly,2024-10-04,2025-12-18,8,8,0
CUST01612,Vikram Hernandez,40,Male,Monthly,2024-01-01,2025-12-06,2,7,0
CUST01613,Nicole Kumar,28,Male,Yearly,2024-12-11,2025-12-07,11,9,0
CUST01614,Scott Wright,26,Male,Quarterly,2024-06-05,2026-01-03,11,7,0
CUST01615,Nicole Johnson,41,Female,Quarterly,2023-11-09,2025-08-30,3,6,1
CUST01616,Joseph Mehta,39,Male,Monthly,2024-03-26,2025-10-30,0,3,1
CUST01617,Paul Moore,27,Female,Yearly,2024-12-14,2025-12-28,21,3,0
CUST01618,Cynthia Mitchell,62,Female,Monthly,2025-03-30,2025-12-30,22,7,0
CUST01619,Daniel Gonzalez,46,Female,Yearly,2024-07-29,2026-01-09,36,8,0
CUST01620,Justin Sharma,44,Female,Monthly,2024-02-26,2025-12-15,19,7,0
CUST01621,Sharon Reddy,28,Male,Quarterly,2024-07-10,2025-12-07,11,6,0
CUST01622,Susan Hill,19,Male,Monthly,2024-12-23,2025-06-23,3,1,1
CUST01623,Neha Jones,36,Male,Yearly,2025-11-13,2025-12-20,17,7,0
CUST01624,Donna Hill,28,Female,Quarterly,2025-12-22,2026-01-14,42,9,0
CUST01625,Joseph Lopez,20,Female,Monthly,2024-01-16,2025-11-13,4,3,1
CUST01626,Margaret Nelson,22,Male,Monthly,2024-10-05,2025-09-11,0,4,1
CUST01627,Alexander Smith,26,Female,Monthly,2024-10-20,2025-12-11,25,8,0
CUST01628,David Harris,49,Male,Monthly,2024-03-21,2025-09-21,1,5,1
CUST01629,Catherine Hill,40,Female,Yearly,2023-06-03,2025-12-20,14,6,0
CUST01630,Debra Carter,51,Male,Yearly,2024-02-10,2025-12-15,19,8,0
CUST01631,Amy Williams,24,Other,Monthly,2023-09-12,2025-07-01,0,3,1
CUST01632,Dorothy Nguyen,32,Male,Quarterly,2024-08-06,2025-07-07,0,4,1
CUST01633,James Iyer,16,Male,Monthly,2025-04-04,2025-07-18,0,5,1
CUST01634,Suresh King,40,Male,Quarterly,2023-05-23,2025-12-20,14,5,0
CUST01635,Patrick Martin,22,Male,Quarterly,2025-03-30,2025-09-12,2,5,1
CUST01636,Amy Flores,44,Male,Monthly,2025-07-19,2026-01-08,14,5,0
CUST01637,Rohan White,36,Female,Monthly,2024-04-03,2025-11-29,1,3,1
CUST01638,Sarah Miller,48,Other,Yearly,2025-06-11,2026-01-10,24,7,0
CUST01639,Matthew Campbell,20,Female,Monthly,2023-01-11,2026-01-12,19,8,0
CUST01640,Kimberly Reddy,29,Female,Monthly,2024-09-15,2025-09-08,8,6,1
CUST01641,Alexander Flores,52,Female,Monthly,2023-12-15,2025-12-09,20,8,0
CUST01642,Ryan Davis,49,Male,Yearly,2025-04-26,2026-01-08,21,6,0
CUST01643,Eric King,29,Male,Monthly,2025-09-30,2025-12-26,19,5,0
CUST01644,Jerry Campbell,32,Female,Monthly,2024-08-29,2025-12-24,26,4,0
CUST01645,Anna Singh,50,Female,Quarterly,2024-02-26,2026-01-11,26,6,0
CUST01646,Amy Brown,39,Male,Quarterly,2025-08-16,2026-01-03,18,9,0
CUST01647,Gary Miller,44,Male,Yearly,2025-12-16,2025-12-26,6,8,0
CUST01648,Ruth Martin,31,Female,Quarterly,2025-10-30,2025-11-03,4,2,1
CUST01649,Suresh White,53,Male,Monthly,2025-11-17,2025-11-21,7,2,1
CUST01650,David Moore,19,Male,Quarterly,2023-07-29,2025-11-04,2,4,1
CUST01651,Janet Davis,36,Male,Yearly,2024-01-19,2025-12-16,28,8,0
CUST01652,Gregory King,44,Male,Monthly,2023-06-22,2025-10-08,4,1,1
CUST01653,Karen Sanchez,31,Female,Quarterly,2023-04-19,2025-12-23,26,7,0
CUST01654,Richard Brown,39,Female,Quarterly,2025-05-15,2025-10-14,3,2,1
CUST01655,Stephanie Lopez,32,Female,Quarterly,2025-10-07,2026-01-09,20,6,0
CUST01656,Debra Brown,31,Female,Yearly,2024-03-25,2025-11-22,1,6,1
CUST01657,Brenda Moore,30,Male,Quarterly,2024-07-18,2025-06-26,8,6,1
CUST01658,Rachel Rivera,33,Male,Monthly,2024-03-26,2025-12-29,9,4,0
CUST01659,Amy Wilson,17,Male,Monthly,2024-08-12,2025-12-28,7,9,0
CUST01660,Carolyn Smith,35,Male,Quarterly,2025-09-03,2025-12-31,21,3,0
CUST01661,Nancy Lee,20,Female,Monthly,2024-11-11,2026-01-06,25,7,0
CUST01662,Mary Nelson,32,Male,Monthly,2023-12-30,2026-01-11,22,9,0
CUST01663,Nancy Baker,31,Female,Monthly,2024-12-22,2025-12-09,18,7,0
CUST01664,James Young,60,Female,Monthly,2023-04-03,2025-12-10,1,8,0
CUST01665,Debra Jackson,32,Female,Quarterly,2023-12-09,2026-01-09,22,6,0
CUST01666,Richard Martin,33,Female,Monthly,2025-10-01,2025-12-12,23,10,0
CUST01667,Steven Nelson,42,Female,Monthly,2023-01-28,2025-12-27,11,6,0
CUST01668,Raymond Perez,29,Female,Quarterly,2025-09-18,2025-09-27,0,3,1
CUST01669,Carolyn Green,42,Male,Yearly,2024-03-27,2026-01-06,7,8,0
CUST01670,Amanda Young,39,Male,Quarterly,2025-06-01,2026-01-10,12,7,0
CUST01671,Matthew Iyer,51,Female,Quarterly,2024-07-14,2025-12-12,23,7,0
CUST01672,Amit Iyer,31,Male,Yearly,2025-12-15,2025-12-24,18,6,0
CUST01673,Sanjay Perez,16,Male,Monthly,2024-07-19,2025-11-21,10,4,1
CUST01674,Justin King,38,Female,Yearly,2023-09-09,2025-12-17,17,6,0
CUST01675,Larry Sharma,31,Female,Monthly,2023-01-18,2026-01-06,5,10,0
CUST01676,Cynthia Baker,20,Male,Yearly,2023-11-30,2025-12-28,9,6,0
CUST01677,David Patel,48,Male,Monthly,2024-03-21,2025-07-03,4,1,1
CUST01678,Jessica Brown,47,Female,Monthly,2024-12-22,2026-01-15,23,8,0
CUST01679,Michael Taylor,41,Male,Yearly,2025-10-25,2025-12-11,37,10,0
CUST01680,Karen Garcia,26,Female,Monthly,2024-02-07,2025-11-11,8,4,1
CUST01681,Donna Anderson,39,Male,Yearly,2024-05-24,2025-12-06,4,7,0
CUST01682,Deborah Ramirez,25,Male,Yearly,2024-06-19,2025-12-08,24,8,0
CUST01683,Michelle Lopez,16,Female,Quarterly,2024-10-22,2026-01-07,17,8,0
CUST01684,Debra Roberts,31,Male,Monthly,2024-02-13,2025-11-10,6,4,1
CUST01685,Joshua Torres,37,Female,Monthly,2024-01-11,2025-08-12,3,2,1
CUST01686,Richard Rodriguez,21,Female,Quarterly,2025-10-28,2025-12-24,23,7,0
CUST01687,Cynthia Thompson,32,Male,Monthly,2025-04-20,2025-12-11,14,6,0
CUST01688,Patricia Roberts,45,Male,Quarterly,2024-09-11,2025-12-09,15,5,0
CUST01689,Shirley White,42,Male,Quarterly,2024-08-23,2025-08-23,3,4,1
CUST01690,Thomas Sanchez,51,Female,Monthly,2025-11-26,2026-01-12,17,7,0
CUST01691,William Brown,21,Male,Yearly,2023-08-08,2026-01-09,16,8,0
CUST01692,Arjun Jackson,16,Female,Quarterly,2023-05-05,2025-07-05,4,4,1
CUST01693,Frank Allen,34,Female,Monthly,2024-02-24,2025-12-11,26,7,0
CUST01694,Jack Young,50,Male,Yearly,2023-11-13,2025-12-27,10,7,0
CUST01695,Patrick Nair,34,Male,Monthly,2024-02-16,2025-12-01,0,5,1
CUST01696,Karen Hill,59,Female,Quarterly,2024-05-21,2025-08-02,3,5,1
CUST01697,Patricia Singh,34,Female,Monthly,2023-09-07,2025-07-31,1,1,1
CUST01698,Lisa Gupta,26,Male,Yearly,2024-06-17,2025-12-18,6,9,0
CUST01699,Karan Nelson,32,Female,Monthly,2023-02-14,2025-06-16,2,5,1
CUST01700,Donald Hernandez,21,Female,Quarterly,2024-02-15,2025-12-28,11,7,0
CUST01701,Donna Nelson,45,Male,Quarterly,2025-01-22,2025-12-21,22,7,0
CUST01702,Deborah Hall,34,Female,Monthly,2025-05-20,2025-09-20,5,4,1
CUST01703,Ryan Davis,22,Female,Monthly,2024-09-12,2025-06-18,4,2,1
CUST01704,Meera Nelson,34,Female,Monthly,2024-12-27,2025-12-17,14,10,0
CUST01705,Kavita Campbell,33,Male,Monthly,2023-11-21,2025-07-26,0,3,1
CUST01706,Anthony Thompson,39,Female,Quarterly,2025-11-16,2025-11-19,9,3,1
CUST01707,Amanda Adams,16,Female,Monthly,2023-10-14,2025-06-16,6,1,1
CUST01708,Joshua Nair,29,Male,Yearly,2025-09-17,2025-12-16,15,7,0
CUST01709,Nicole Nelson,41,Male,Quarterly,2025-11-04,2025-12-13,12,6,0
CUST01710,Kimberly Rodriguez,33,Female,Quarterly,2024-12-13,2025-12-21,19,7,0
CUST01711,David Williams,38,Male,Quarterly,2024-04-19,2025-11-04,6,4,1
CUST01712,Amy Nair,38,Female,Monthly,2024-04-19,2025-12-31,5,7,0
CUST01713,Susan Mehta,39,Female,Quarterly,2025-02-25,2025-12-20,23,6,0
CUST01714,Ananya Jones,26,Male,Monthly,2023-03-18,2026-01-11,13,8,0
CUST01715,Jeffrey Carter,45,Male,Quarterly,2023-03-02,2025-12-26,14,8,0
CUST01716,Susan Hall,35,Male,Monthly,2024-02-14,2025-07-29,3,3,1
CUST01717,Jeffrey Baker,42,Male,Monthly,2023-11-28,2025-07-19,4,8,1
CUST01718,Vikram Sharma,24,Male,Quarterly,2023-07-17,2025-10-27,5,3,1
CUST01719,Meera Smith,24,Male,Monthly,2023-05-28,2025-06-10,3,4,1
CUST01720,Carolyn Iyer,66,Female,Quarterly,2024-01-25,2025-12-10,16,5,0
CUST01721,Arjun Walker,37,Female,Monthly,2023-10-10,2025-12-18,1,7,0
CUST01722,Jason Green,34,Male,Monthly,2023-06-10,2025-07-22,6,5,1
CUST01723,Joshua Miller,28,Male,Monthly,2024-11-08,2025-09-18,3,2,1
CUST01724,Ananya Singh,21,Male,Quarterly,2023-05-20,2026-01-05,20,5,0
CUST01725,Andrew Jones,29,Female,Monthly,2025-11-26,2025-12-14,10,8,0
CUST01726,Michelle Sanchez,53,Female,Quarterly,2023-08-16,2025-12-30,7,4,0
CUST01727,Katherine Johnson,32,Male,Monthly,2024-02-15,2025-11-16,4,4,1
CUST01728,Sarah Wilson,29,Female,Quarterly,2023-05-08,2025-11-13,3,4,1
CUST01729,Vikram Torres,45,Female,Quarterly,2023-03-14,2026-01-11,2,6,0
CUST01730,Rebecca Hill,36,Female,Yearly,2025-09-07,2025-12-29,10,9,0
CUST01731,Patrick Williams,27,Male,Monthly,2024-04-06,2025-12-19,17,8,0
CUST01732,Kathleen Martin,27,Female,Yearly,2024-04-11,2025-11-17,0,3,1
CUST01733,Patricia Roberts,45,Female,Monthly,2025-02-15,2026-01-14,15,6,0
CUST01734,Stephen Walker,44,Male,Quarterly,2023-09-14,2025-12-19,15,6,0
CUST01735,Stephen Rodriguez,35,Male,Monthly,2025-01-23,2025-09-05,6,8,1
CUST01736,Sharon Iyer,43,Male,Monthly,2023-01-21,2025-07-17,7,3,1
CUST01737,Larry Williams,22,Other,Monthly,2024-05-26,2026-01-11,18,7,0
CUST01738,Linda Rodriguez,22,Male,Monthly,2024-10-05,2025-06-17,3,4,1
CUST01739,Sanjay Thomas,37,Other,Monthly,2025-03-25,2026-01-08,22,7,0
CUST01740,Gregory Jones,28,Male,Yearly,2024-02-26,2025-12-24,13,5,0
CUST01741,Meera Iyer,53,Female,Monthly,2024-09-11,2025-12-11,18,6,0
CUST01742,Donna Verma,23,Female,Quarterly,2024-07-01,2025-07-16,12,2,1
CUST01743,Nicholas Miller,29,Male,Yearly,2025-09-22,2026-01-02,21,8,0
CUST01744,Ritu Rodriguez,44,Female,Quarterly,2024-09-16,2026-01-02,32,8,0
CUST01745,Jessica White,22,Female,Quarterly,2023-03-15,2025-12-18,15,7,0
CUST01746,Katherine Carter,56,Male,Monthly,2025-10-18,2025-12-29,6,9,0
CUST01747,Emily Nguyen,35,Male,Yearly,2023-06-23,2025-06-28,6,4,1
CUST01748,Deborah Young,24,Male,Monthly,2025-06-28,2025-10-10,6,5,1
CUST01749,Timothy Lopez,44,Female,Quarterly,2024-09-16,2025-09-03,3,3,1
CUST01750,Vivek Johnson,16,Female,Quarterly,2024-11-19,2025-12-30,24,7,0
CUST01751,Vikram Carter,23,Female,Quarterly,2024-11-29,2025-12-07,13,6,0
CUST01752,Sharon Verma,17,Male,Quarterly,2023-04-27,2025-12-11,11,5,0
CUST01753,Deborah Campbell,29,Female,Monthly,2025-12-31,2026-01-10,12,4,0
CUST01754,Jerry King,56,Male,Yearly,2025-08-15,2025-12-31,28,6,0
CUST01755,Thomas Iyer,36,Male,Quarterly,2024-07-15,2025-09-29,5,6,1
CUST01756,Jerry Wright,24,Male,Quarterly,2023-03-21,2025-12-23,26,6,0
CUST01757,Paul Nelson,19,Male,Quarterly,2023-01-26,2025-07-09,6,6,1
CUST01758,Gregory Lee,62,Female,Yearly,2025-06-27,2025-12-18,8,8,0
CUST01759,Mary Robinson,29,Male,Monthly,2024-03-22,2025-07-06,6,1,1
CUST01760,William Moore,20,Female,Quarterly,2023-05-12,2025-12-30,11,7,0
CUST01761,Jerry Sharma,26,Male,Yearly,2023-09-18,2026-01-04,23,8,0
CUST01762,Charles Verma,40,Female,Monthly,2023-08-23,2026-01-04,30,7,0
CUST01763,Debra Allen,20,Female,Quarterly,2023-03-27,2026-01-01,28,6,0
CUST01764,Linda Rivera,44,Other,Yearly,2023-02-03,2025-12-24,30,7,0
CUST01765,Helen Rivera,17,Male,Monthly,2023-08-12,2025-08-10,1,6,1
CUST01766,Joseph Allen,32,Male,Monthly,2025-01-30,2025-12-20,18,8,0
CUST01767,Elizabeth Adams,41,Male,Monthly,2023-02-20,2025-08-31,4,3,1
CUST01768,Kevin Clark,30,Female,Monthly,2024-08-25,2026-01-05,24,8,0
CUST01769,Melissa Williams,31,Male,Monthly,2023-02-22,2025-10-08,7,3,1
CUST01770,Vikram Lee,24,Female,Quarterly,2025-11-06,2025-12-24,11,5,0
CUST01771,Margaret Harris,31,Female,Monthly,2023-11-04,2025-06-18,7,2,1
CUST01772,William Jones,36,Female,Yearly,2025-10-28,2025-12-06,12,6,0
CUST01773,Stephen Campbell,17,Male,Quarterly,2025-12-16,2025-12-24,16,7,0
CUST01774,Gregory King,39,Female,Monthly,2024-02-04,2025-12-28,19,5,0
CUST01775,Ritu Thomas,45,Male,Quarterly,2025-01-11,2025-09-12,4,4,1
CUST01776,Janet Davis,33,Female,Monthly,2025-04-19,2025-09-02,2,4,1
CUST01777,Anna Allen,39,Male,Monthly,2025-09-18,2025-12-18,4,6,0
CUST01778,Priya Clark,31,Male,Yearly,2023-09-14,2025-12-31,20,9,0
CUST01779,Maria Iyer,25,Male,Quarterly,2023-10-10,2025-12-28,14,6,0
CUST01780,Carol Lee,25,Male,Monthly,2025-10-31,2025-12-10,15,8,0
CUST01781,Amy Green,22,Female,Monthly,2024-01-04,2026-01-15,21,4,0
CUST01782,Nancy Davis,27,Male,Quarterly,2025-08-20,2026-01-07,15,9,0
CUST01783,Aditya Williams,30,Female,Monthly,2023-12-08,2026-01-07,0,4,0
CUST01784,Shirley Verma,34,Female,Monthly,2025-05-14,2025-08-21,5,4,1
CUST01785,Rachel Scott,35,Male,Monthly,2024-11-20,2025-12-25,27,6,0
CUST01786,Pamela Hill,43,Female,Yearly,2023-04-03,2025-09-02,0,2,1
CUST01787,Laura Iyer,16,Male,Monthly,2025-06-11,2025-08-01,3,4,1
CUST01788,Rachel Rodriguez,35,Female,Quarterly,2025-11-09,2025-11-30,4,2,1
CUST01789,Pamela Nguyen,31,Male,Quarterly,2025-02-15,2026-01-04,6,9,0
CUST01790,Shirley Campbell,30,Female,Yearly,2023-07-18,2025-12-15,14,9,0
CUST01791,Carol Brown,20,Female,Yearly,2025-11-06,2025-12-19,8,5,0
CUST01792,Andrew Lee,33,Male,Quarterly,2023-10-21,2025-10-09,5,5,1
CUST01793,Sharon King,62,Male,Yearly,2024-10-05,2025-09-20,0,5,1
CUST01794,Nancy Davis,27,Male,Monthly,2024-04-03,2025-12-28,13,6,0
CUST01795,Suresh Taylor,24,Other,Quarterly,2024-04-19,2026-01-06,31,8,0
CUST01796,Richard Wilson,34,Female,Quarterly,2023-12-12,2025-11-21,8,1,1
CUST01797,Meera Wright,19,Female,Monthly,2025-09-27,2026-01-14,0,6,0
CUST01798,Melissa Wilson,35,Male,Yearly,2025-05-23,2025-12-13,18,7,0
CUST01799,Thomas Singh,18,Male,Yearly,2023-09-03,2025-12-19,24,7,0
CUST01800,Amy Taylor,42,Male,Monthly,2024-07-24,2026-01-08,2,7,0
CUST01801,Amanda Patel,20,Male,Quarterly,2023-06-02,2025-07-25,2,5,1
CUST01802,Kevin Moore,35,Male,Quarterly,2023-06-01,2025-12-26,11,7,0
CUST01803,Meera Nair,17,Male,Monthly,2025-12-03,2025-12-04,7,3,1
CUST01804,Samantha Green,46,Male,Monthly,2025-02-09,2026-01-01,13,6,0
CUST01805,Frank Gonzalez,25,Male,Monthly,2024-01-19,2025-12-28,25,6,0
CUST01806,Thomas Gonzalez,41,Female,Monthly,2025-11-23,2026-01-02,14,4,0
CUST01807,James Ramirez,27,Male,Quarterly,2024-03-03,2026-01-13,8,7,0
CUST01808,Rebecca Hall,20,Male,Monthly,2024-04-25,2025-12-16,25,7,0
CUST01809,Angela Nelson,32,Female,Yearly,2024-04-19,2025-12-15,23,8,0
CUST01810,Gary Sharma,33,Female,Quarterly,2025-09-12,2025-10-06,1,1,1
CUST01811,Joseph Reddy,26,Female,Quarterly,2025-05-09,2025-12-26,13,7,0
CUST01812,Ashley Nelson,30,Male,Monthly,2024-10-15,2025-12-24,23,6,0
CUST01813,Rachel Sanchez,33,Female,Quarterly,2025-09-17,2025-12-15,27,7,0
CUST01814,Scott Clark,33,Female,Monthly,2024-07-02,2025-12-20,13,6,0
CUST01815,Linda Scott,24,Female,Monthly,2024-10-12,2025-08-10,2,5,1
CUST01816,Jason Sanchez,31,Male,Monthly,2025-09-21,2025-12-25,7,9,0
CUST01817,Samantha Gupta,37,Male,Monthly,2024-03-29,2026-01-05,6,6,0
CUST01818,Jonathan Wilson,35,Female,Monthly,2024-11-06,2025-07-16,9,2,1
CUST01819,Robert Campbell,44,Male,Monthly,2024-11-13,2025-12-11,29,6,0
CUST01820,David Adams,30,Male,Monthly,2024-02-11,2025-12-12,9,6,0
CUST01821,Ronald Verma,33,Female,Monthly,2023-11-27,2025-12-25,23,8,0
CUST01822,Edward Wilson,25,Female,Monthly,2023-01-28,2025-11-26,0,4,1
CUST01823,Dennis King,37,Male,Monthly,2025-09-20,2025-09-20,4,3,1
CUST01824,Joshua Johnson,35,Male,Quarterly,2024-05-21,2025-10-31,8,4,1
CUST01825,Neha Sharma,29,Male,Monthly,2024-07-06,2026-01-11,13,7,0
CUST01826,Elizabeth Allen,52,Female,Quarterly,2025-04-30,2025-07-16,3,4,1
CUST01827,Nicole Iyer,28,Male,Quarterly,2025-03-12,2025-06-29,7,7,1
CUST01828,Karan Martin,38,Female,Monthly,2023-02-17,2025-08-06,4,4,1
CUST01829,Betty Miller,16,Male,Quarterly,2025-08-23,2025-08-25,6,4,1
CUST01830,Mark Clark,38,Female,Monthly,2025-12-28,2025-12-29,12,6,0
CUST01831,Amy Campbell,29,Male,Monthly,2023-08-10,2025-12-10,26,6,0
CUST01832,Patricia Sanchez,56,Female,Monthly,2025-09-03,2025-12-27,21,5,0
CUST01833,Kevin Martinez,32,Female,Yearly,2023-07-15,2026-01-02,12,4,0
CUST01834,Divya Young,51,Female,Monthly,2025-04-05,2025-12-16,23,8,0
CUST01835,Eric Campbell,35,Female,Quarterly,2023-05-01,2025-12-30,6,6,0
CUST01836,Edward Martin,43,Female,Yearly,2023-03-16,2025-12-10,9,3,0
CUST01837,Scott Clark,31,Female,Monthly,2024-03-04,2025-12-15,16,7,0
CUST01838,Helen Young,42,Male,Quarterly,2024-10-21,2025-12-16,23,7,0
CUST01839,Shirley Scott,47,Female,Yearly,2023-06-16,2025-12-19,5,8,0
CUST01840,Rachel Jones,40,Male,Quarterly,2023-11-28,2026-01-08,8,5,0
CUST01841,Nancy Gonzalez,25,Male,Yearly,2023-03-21,2025-12-15,12,8,0
CUST01842,Nancy Green,27,Female,Monthly,2025-05-06,2025-09-17,1,3,1
CUST01843,Jessica Ramirez,46,Other,Quarterly,2024-07-09,2025-12-07,18,7,0
CUST01844,Sanjay White,32,Female,Monthly,2024-08-17,2026-01-02,28,6,0
CUST01845,Anjali Flores,48,Female,Monthly,2024-05-29,2026-01-02,19,7,0
CUST01846,Vivek Perez,61,Female,Quarterly,2023-10-05,2025-08-02,0,3,1
CUST01847,Mary Lee,20,Male,Monthly,2023-05-18,2026-01-15,25,9,0
CUST01848,Michelle Hall,52,Male,Quarterly,2025-07-28,2026-01-12,27,7,0
CUST01849,Emma Robinson,29,Female,Monthly,2024-04-07,2025-11-28,0,7,1
CUST01850,Ananya Gonzalez,39,Male,Yearly,2025-05-22,2025-12-27,14,9,0
CUST01851,Melissa Flores,23,Female,Yearly,2024-02-19,2025-10-23,5,3,1
CUST01852,Susan Campbell,41,Male,Monthly,2023-07-29,2025-07-21,3,1,1
CUST01853,Pamela Adams,34,Female,Monthly,2024-07-21,2025-12-07,26,7,0
CUST01854,Christine Iyer,42,Male,Monthly,2024-04-19,2026-01-10,9,7,0
CUST01855,Ananya Patel,27,Female,Monthly,2025-08-31,2025-12-26,23,7,0
CUST01856,Elizabeth Mehta,41,Other,Monthly,2025-06-19,2025-08-03,7,5,1
CUST01857,Dorothy Martin,37,Female,Monthly,2025-03-16,2025-08-25,1,4,1
CUST01858,Raymond Walker,28,Male,Yearly,2024-10-11,2025-12-08,15,6,0
CUST01859,Rohan Wilson,23,Female,Yearly,2024-07-22,2025-12-19,2,6,0
CUST01860,Anna Lewis,36,Female,Quarterly,2023-09-04,2025-12-19,7,7,0
CUST01861,Katherine Thompson,54,Male,Yearly,2025-08-12,2025-12-24,26,9,0
CUST01862,Carolyn Ramirez,38,Male,Quarterly,2024-01-27,2026-01-04,27,6,0
CUST01863,Vivek Mitchell,26,Other,Monthly,2025-01-09,2026-01-15,0,9,0
CUST01864,Pamela Martin,50,Male,Yearly,2024-06-03,2026-01-15,13,6,0
CUST01865,Nicole Moore,25,Male,Monthly,2025-09-07,2025-09-28,5,6,1
CUST01866,Emily Green,16,Male,Quarterly,2023-03-04,2025-12-16,21,6,0
CUST01867,Nicole Green,35,Male,Monthly,2023-08-01,2025-11-24,5,3,1
CUST01868,Brandon Mehta,32,Female,Quarterly,2023-12-29,2026-01-07,16,8,0
CUST01869,William Clark,38,Female,Monthly,2025-06-27,2026-01-12,19,5,0
CUST01870,Kenneth Miller,29,Female,Monthly,2024-02-02,2026-01-14,25,7,0
CUST01871,Kevin Singh,41,Female,Yearly,2023-12-13,2025-12-09,32,8,0
CUST01872,Patrick White,35,Female,Yearly,2025-04-05,2026-01-12,13,3,0
CUST01873,David Gonzalez,32,Female,Quarterly,2024-06-30,2025-08-10,3,4,1
CUST01874,Jennifer Moore,32,Female,Quarterly,2025-04-18,2025-12-01,3,1,1
CUST01875,Michelle Moore,23,Female,Monthly,2025-08-12,2026-01-10,21,9,0
CUST01876,Larry Nair,32,Male,Monthly,2023-07-05,2025-11-09,4,5,1
CUST01877,Lisa Lee,25,Female,Yearly,2023-12-13,2026-01-02,20,6,0
CUST01878,Samantha White,43,Male,Yearly,2024-05-20,2026-01-03,19,7,0
CUST01879,Janet Carter,25,Female,Monthly,2025-02-15,2026-01-04,23,10,0
CUST01880,Emily Rodriguez,22,Female,Monthly,2024-01-21,2025-10-11,2,4,1
CUST01881,Daniel Jackson,42,Male,Monthly,2023-07-09,2025-12-09,13,3,0
CUST01882,George Thompson,48,Female,Quarterly,2023-12-16,2025-07-05,6,1,1
CUST01883,Deborah Martinez,27,Female,Monthly,2025-06-07,2025-06-10,8,6,1
CUST01884,Rahul Jackson,44,Male,Quarterly,2025-10-28,2025-12-29,16,7,0
CUST01885,Barbara Allen,32,Female,Monthly,2025-08-15,2025-11-02,7,2,1
CUST01886,Eric Nelson,25,Female,Monthly,2025-08-14,2025-12-23,26,7,0
CUST01887,Larry Harris,49,Female,Yearly,2024-10-22,2025-12-06,12,7,0
CUST01888,Amanda Verma,23,Female,Monthly,2025-08-31,2025-09-02,4,1,1
CUST01889,Lisa Iyer,28,Male,Monthly,2024-01-17,2025-12-18,6,8,0
CUST01890,Vikram Flores,41,Male,Quarterly,2025-06-09,2025-12-16,4,9,0
CUST01891,Pooja Thomas,61,Male,Monthly,2024-11-22,2025-12-21,18,6,0
CUST01892,Joshua Williams,65,Other,Yearly,2025-11-04,2025-12-19,7,7,0
CUST01893,Maria Moore,35,Female,Monthly,2023-02-28,2025-10-20,8,4,1
CUST01894,Ananya Martin,28,Female,Yearly,2025-12-09,2025-12-10,10,6,0
CUST01895,Dennis Rodriguez,22,Male,Monthly,2023-04-21,2025-12-27,18,6,0
CUST01896,Rahul Roberts,17,Male,Monthly,2025-03-21,2025-12-01,7,3,1
CUST01897,Gregory Martinez,20,Male,Monthly,2024-09-21,2025-10-02,3,4,1
CUST01898,Karan Wilson,16,Male,Quarterly,2023-11-12,2025-12-23,20,5,0
CUST01899,James Walker,52,Male,Monthly,2025-03-18,2025-12-16,22,6,0
CUST01900,Christine Harris,25,Female,Quarterly,2023-07-16,2025-09-11,3,5,1
CUST01901,Ruth Nair,33,Male,Quarterly,2024-08-02,2025-12-19,16,7,0
CUST01902,Scott Sanchez,27,Female,Monthly,2023-02-25,2025-06-29,2,1,1
CUST01903,Daniel Roberts,44,Male,Monthly,2025-10-23,2025-12-07,20,6,0
CUST01904,Scott Carter,54,Male,Monthly,2024-04-16,2025-10-14,4,2,1
CUST01905,Jennifer Wilson,43,Male,Monthly,2025-02-25,2025-12-19,21,7,0
CUST01906,Karen Jackson,29,Male,Quarterly,2025-09-11,2025-09-14,5,3,1
CUST01907,Christopher Sanchez,40,Female,Yearly,2025-08-10,2025-12-24,2,6,0
CUST01908,Debra Campbell,52,Male,Yearly,2023-01-26,2026-01-07,11,6,0
CUST01909,Brenda Allen,29,Male,Monthly,2025-09-22,2025-12-21,8,3,0
CUST01910,Jason Roberts,31,Male,Monthly,2023-08-26,2025-12-18,19,7,0
CUST01911,Nicholas White,32,Female,Quarterly,2025-12-31,2026-01-08,18,8,0
CUST01912,Priya Lopez,31,Other,Quarterly,2025-02-24,2026-01-10,13,6,0
CUST01913,Karen Smith,40,Male,Yearly,2024-06-12,2025-12-07,29,6,0
CUST01914,Carolyn Verma,35,Male,Monthly,2024-07-30,2025-07-29,5,2,1
CUST01915,Ryan White,34,Male,Quarterly,2025-01-26,2025-09-06,0,1,1
CUST01916,Frank Jackson,38,Female,Monthly,2024-07-01,2025-09-01,2,4,1
CUST01917,Rebecca Johnson,33,Male,Monthly,2023-03-14,2025-12-24,10,7,0
CUST01918,Carolyn Williams,20,Female,Monthly,2023-12-25,2025-11-07,8,1,1
CUST01919,Thomas Campbell,31,Male,Monthly,2024-07-16,2025-08-06,0,5,1
CUST01920,Alexander Flores,30,Male,Yearly,2025-12-08,2026-01-13,13,8,0
CUST01921,Elizabeth Lee,34,Male,Monthly,2023-07-27,2025-11-11,5,2,1
CUST01922,Carol Nair,18,Female,Monthly,2025-03-31,2025-09-27,4,3,1
CUST01923,Patrick Adams,40,Female,Monthly,2025-06-06,2026-01-03,17,7,0
CUST01924,Brenda Taylor,16,Other,Quarterly,2024-05-14,2026-01-12,33,7,0
CUST01925,Melissa Torres,41,Male,Quarterly,2025-06-13,2025-10-15,1,4,1
CUST01926,Emily Allen,19,Female,Quarterly,2024-01-07,2025-12-29,21,6,0
CUST01927,James Clark,34,Male,Quarterly,2023-09-23,2025-08-05,6,1,1
CUST01928,Scott Sharma,26,Other,Monthly,2024-03-29,2025-09-09,5,7,1
CUST01929,Mark Jones,32,Female,Quarterly,2025-08-01,2025-12-06,22,7,0
CUST01930,Scott Perez,55,Female,Monthly,2023-01-26,2025-09-11,0,4,1
CUST01931,Brian Gupta,16,Male,Monthly,2025-10-18,2025-10-19,0,4,1
CUST01932,Frank Harris,35,Male,Monthly,2023-06-10,2025-12-11,15,7,0
CUST01933,Brian Garcia,68,Male,Yearly,2025-01-26,2025-12-26,15,8,0
CUST01934,Laura Baker,26,Male,Monthly,2023-12-08,2025-12-10,20,6,0
CUST01935,Sharon Clark,29,Other,Monthly,2024-08-04,2025-12-15,32,9,0
CUST01936,Donald Harris,35,Female,Monthly,2023-09-10,2025-10-07,0,3,1
CUST01937,Margaret Davis,63,Female,Monthly,2023-11-22,2025-12-21,16,8,0
CUST01938,Stephen Clark,49,Male,Monthly,2024-07-25,2025-08-31,4,2,1
CUST01939,Benjamin Miller,16,Female,Quarterly,2024-10-12,2025-12-12,23,6,0
CUST01940,Ronald Anderson,35,Female,Monthly,2025-08-08,2025-08-08,0,3,1
CUST01941,Christopher Nair,34,Female,Monthly,2023-01-07,2025-12-25,20,5,0
CUST01942,Ruth Robinson,47,Female,Quarterly,2023-07-21,2025-12-20,13,4,0
CUST01943,Rebecca Clark,32,Male,Monthly,2024-04-04,2025-06-26,4,4,1
CUST01944,Nicholas Garcia,48,Female,Quarterly,2023-02-16,2025-12-31,16,7,0
CUST01945,Nancy Torres,21,Female,Quarterly,2025-01-28,2025-07-01,6,4,1
CUST01946,Sanjay Sharma,29,Female,Quarterly,2024-01-31,2026-01-05,2,9,0
CUST01947,Ryan White,20,Female,Monthly,2025-08-25,2026-01-03,13,7,0
CUST01948,Dorothy Rodriguez,20,Male,Yearly,2024-02-28,2025-12-17,6,4,0
CUST01949,Ashley Baker,41,Female,Yearly,2023-12-29,2025-12-14,13,10,0
CUST01950,Samuel Davis,23,Female,Yearly,2023-11-23,2025-11-14,1,3,1
CUST01951,James Mitchell,36,Male,Quarterly,2025-11-30,2025-12-22,14,8,0
CUST01952,Elizabeth Sharma,23,Male,Monthly,2023-09-05,2025-12-08,6,4,0
CUST01953,Samuel Wright,16,Female,Monthly,2023-05-03,2025-08-22,2,3,1
CUST01954,Pooja Gupta,27,Female,Monthly,2025-03-29,2025-12-14,27,9,0
CUST01955,Benjamin Adams,30,Male,Quarterly,2023-08-01,2025-09-25,0,3,1
CUST01956,Ruth Gupta,27,Female,Quarterly,2023-12-13,2025-12-25,12,6,0
CUST01957,Charles Iyer,26,Male,Monthly,2024-06-25,2025-06-20,2,3,1
CUST01958,Alexander Jones,36,Male,Quarterly,2024-05-16,2025-12-25,20,5,0
CUST01959,Donna Hall,47,Male,Quarterly,2024-06-12,2025-12-08,10,4,0
CUST01960,John Carter,38,Male,Quarterly,2023-02-23,2025-08-29,1,4,1
CUST01961,Larry White,16,Female,Monthly,2023-11-21,2025-12-27,29,8,0
CUST01962,Jacob Rivera,17,Male,Monthly,2023-09-21,2025-09-18,0,7,1
CUST01963,Karan Harris,25,Male,Monthly,2024-03-09,2026-01-06,11,3,0
CUST01964,Justin Smith,30,Male,Quarterly,2025-11-24,2025-12-07,16,8,0
CUST01965,Amit Hernandez,18,Other,Quarterly,2025-10-23,2025-10-30,0,5,1
CUST01966,Divya Nair,45,Female,Monthly,2025-12-11,2025-12-16,5,8,0
CUST01967,Meera Harris,34,Male,Yearly,2024-12-02,2026-01-02,26,7,0
CUST01968,Mark Martinez,16,Male,Quarterly,2023-09-02,2025-12-24,16,8,0
CUST01969,Amy Robinson,24,Female,Quarterly,2023-01-25,2025-12-13,14,7,0
CUST01970,Meera Anderson,16,Female,Monthly,2023-03-09,2025-11-06,9,2,1
CUST01971,Kevin Allen,39,Male,Quarterly,2025-12-31,2026-01-02,17,9,0
CUST01972,Anjali Brown,38,Male,Quarterly,2024-05-16,2025-10-16,3,2,1
CUST01973,Alexander Nair,42,Female,Monthly,2025-07-23,2025-07-28,0,5,1
CUST01974,Stephen Moore,21,Male,Monthly,2023-05-11,2026-01-07,28,7,0
CUST01975,Eric Martin,41,Male,Monthly,2025-09-04,2025-12-12,18,4,0
CUST01976,Kavita Sharma,24,Male,Quarterly,2023-05-30,2025-11-02,6,4,1
CUST01977,Jeffrey Garcia,46,Male,Monthly,2024-03-16,2025-12-27,21,5,0
CUST01978,Larry Smith,25,Female,Yearly,2023-08-17,2025-12-18,18,3,0
CUST01979,Maria Adams,52,Male,Yearly,2025-07-23,2025-12-30,21,9,0
CUST01980,Dennis Clark,16,Female,Monthly,2023-12-28,2025-07-31,7,8,1
CUST01981,Shirley Jackson,19,Female,Monthly,2025-12-25,2026-01-03,6,4,1
CUST01982,Nicholas Martin,17,Female,Monthly,2024-01-09,2025-09-11,5,5,1
CUST01983,Meera Allen,27,Male,Monthly,2023-05-15,2025-12-27,27,4,0
CUST01984,Richard Nair,17,Female,Monthly,2024-01-10,2025-11-04,4,4,1
CUST01985,Ruth Anderson,26,Male,Quarterly,2024-10-17,2025-12-16,24,8,0
CUST01986,Susan Baker,43,Male,Quarterly,2023-11-13,2026-01-03,17,8,0
CUST01987,Jerry Sanchez,29,Female,Yearly,2023-11-18,2025-12-13,34,6,0
CUST01988,Jacob Adams,57,Female,Monthly,2024-07-05,2025-09-25,4,1,1
CUST01989,Jacob Nair,49,Female,Monthly,2023-10-24,2025-09-02,4,5,1
CUST01990,Pooja Mitchell,47,Male,Monthly,2025-03-16,2026-01-15,20,6,0
CUST01991,Ruth Sanchez,44,Male,Monthly,2023-10-14,2025-12-29,18,8,0
CUST01992,Robert Gupta,16,Female,Monthly,2024-06-08,2025-08-28,5,3,1
CUST01993,Patricia Lee,52,Male,Monthly,2024-02-13,2025-12-07,22,7,0
CUST01994,Nicholas Lewis,39,Female,Monthly,2024-05-12,2025-08-01,1,7,1
CUST01995,Patrick Nguyen,55,Male,Yearly,2023-04-05,2025-12-22,21,9,0
CUST01996,Alexander Iyer,27,Female,Monthly,2025-02-07,2025-11-17,1,4,1
CUST01997,Samantha Perez,38,Male,Monthly,2024-08-05,2025-10-28,2,5,1
CUST01998,Kavita Mitchell,37,Male,Yearly,2025-04-27,2026-01-06,10,8,0
CUST01999,Pamela Martin,43,Female,Quarterly,2025-06-16,2025-07-08,4,6,1
CUST02000,Helen Carter,20,Female,Quarterly,2024-08-19,2026-01-07,21,5,0
